review_scores_rating,price,bedrooms,reviews_per_month
4.7,85.0,1.0,0.33
4.93,65.0,1.0,0.4
4.85,243.0,1.0,0.51
4.85,62.0,1.0,0.24
4.75,54.0,1.0,0.23
4.83,43.0,1.0,0.74
4.62,92.0,0.0,0.69
4.63,65.0,2.0,0.34
4.93,95.0,1.0,0.76
4.65,78.0,0.0,0.53
4.94,82.0,1.0,4.87
4.8,90.0,1.0,0.34
4.56,92.0,0.0,0.47
4.79,85.0,1.0,0.33
4.86,55.0,1.0,0.46
4.5,78.0,1.0,0.14
4.93,42.0,2.0,0.25
4.72,92.0,0.0,0.65
4.67,150.0,1.0,3.43
4.87,90.0,1.0,0.37
4.76,70.0,1.0,0.42
4.8,111.0,1.0,0.49
4.53,45.0,1.0,0.16
4.88,137.0,2.0,2.37
4.95,55.0,1.0,0.93
4.94,65.0,1.0,0.29
4.79,149.0,2.0,1.01
4.67,113.0,1.0,0.32
4.81,97.0,1.0,2.83
4.56,80.0,1.0,0.07
4.93,140.0,2.0,1.07
4.9,55.0,1.0,0.33
4.8,220.0,3.0,0.47
4.9,306.0,3.0,2.23
4.8,300.0,3.0,0.25
4.98,72.0,1.0,2.75
4.77,178.0,3.0,0.56
4.85,87.0,1.0,0.58
4.94,325.0,1.0,1.55
,147.0,1.0,
4.85,219.0,3.0,1.84
3.6,185.0,4.0,0.22
4.96,91.0,1.0,5.02
4.84,6.0,1.0,2.04
4.88,175.0,3.0,1.57
5.0,48.0,1.0,0.33
5.0,333.0,2.0,1.07
4.86,121.0,3.0,0.97
4.9,100.0,0.0,3.99
4.99,175.0,2.0,0.87
4.96,175.0,3.0,3.21
4.76,77.0,1.0,0.46
4.89,71.0,1.0,0.42
4.93,165.0,1.0,0.26
4.92,59.0,1.0,0.73
4.77,120.0,2.0,1.82
4.93,99.0,1.0,2.38
4.74,111.0,1.0,0.22
4.87,85.0,1.0,0.96
4.93,70.0,1.0,0.28
4.95,126.0,1.0,4.79
4.91,66.0,0.0,0.44
4.75,51.0,1.0,0.24
4.7,59.0,1.0,0.27
4.85,70.0,1.0,0.51
4.93,84.0,1.0,1.33
4.98,115.0,1.0,1.55
5.0,84.0,1.0,0.39
4.83,60.0,1.0,2.55
4.78,92.0,1.0,0.72
4.94,45.0,1.0,0.92
4.82,65.0,1.0,0.51
4.91,206.0,3.0,1.4
4.73,107.0,1.0,0.5
4.96,80.0,1.0,0.6
4.86,50.0,2.0,0.14
4.88,120.0,2.0,1.67
4.91,90.0,1.0,0.32
4.97,197.0,2.0,5.0
4.94,238.0,3.0,3.07
4.94,81.0,1.0,3.64
4.75,113.0,1.0,0.32
4.96,89.0,1.0,8.74
4.84,143.0,2.0,1.6
4.84,256.0,1.0,1.19
4.96,85.0,1.0,2.08
5.0,94.0,1.0,0.86
4.9,121.0,1.0,1.46
4.96,79.0,1.0,1.02
4.79,107.0,2.0,0.48
4.9,124.0,2.0,0.23
4.99,117.0,1.0,5.34
5.0,320.0,3.0,0.77
4.89,107.0,2.0,0.36
,250.0,1.0,
4.96,84.0,1.0,4.65
4.73,36.0,1.0,0.12
4.93,59.0,1.0,0.3
4.88,92.0,1.0,4.57
4.8,25.0,1.0,1.94
4.86,23.0,1.0,1.74
4.8,151.0,2.0,3.07
4.62,147.0,2.0,1.11
4.81,76.0,2.0,5.12
4.83,162.0,3.0,2.45
4.66,181.0,4.0,2.05
4.95,57.0,1.0,5.11
4.75,203.0,4.0,2.5
4.54,250.0,0.0,0.46
4.94,183.0,1.0,1.46
4.74,176.0,3.0,1.37
4.98,215.0,1.0,0.52
4.97,61.0,1.0,13.39
4.88,256.0,2.0,0.68
5.0,300.0,2.0,0.02
4.73,104.0,2.0,1.42
4.96,46.0,1.0,0.83
4.85,119.0,1.0,3.69
,80.0,1.0,
4.89,109.0,1.0,0.56
4.81,193.0,2.0,3.61
4.91,25.0,1.0,1.92
4.7,74.0,1.0,12.1
4.89,150.0,2.0,0.29
4.69,115.0,2.0,0.78
4.95,54.0,1.0,0.61
4.6,139.0,2.0,0.71
4.99,120.0,1.0,1.64
4.98,109.0,1.0,3.11
4.98,53.0,1.0,0.54
4.97,52.0,1.0,0.64
4.89,75.0,1.0,1.11
5.0,275.0,3.0,0.08
4.6,120.0,1.0,0.06
4.82,88.0,1.0,3.44
5.0,120.0,1.0,0.05
4.84,95.0,2.0,0.55
4.59,70.0,1.0,4.45
5.0,120.0,1.0,0.07
4.86,120.0,2.0,0.08
4.79,153.0,2.0,2.62
5.0,84.0,1.0,0.09
4.83,206.0,2.0,1.05
5.0,200.0,2.0,0.01
4.82,255.0,3.0,3.26
4.41,67.0,1.0,0.25
4.83,77.0,1.0,1.41
4.81,340.0,5.0,2.02
4.87,191.0,3.0,0.92
4.5,120.0,1.0,0.09
4.86,120.0,1.0,0.08
5.0,120.0,2.0,0.04
4.75,120.0,2.0,0.09
4.81,260.0,2.0,4.71
4.94,89.0,1.0,0.79
4.63,120.0,1.0,0.09
4.72,61.0,0.0,6.32
4.82,165.0,1.0,3.47
4.8,94.0,0.0,2.57
4.98,84.0,1.0,2.2
4.81,100.0,2.0,2.28
5.0,182.0,2.0,2.54
4.71,150.0,1.0,0.08
4.25,120.0,1.0,0.1
5.0,74.0,0.0,0.12
4.6,118.0,1.0,0.13
4.96,175.0,3.0,2.83
4.56,70.0,1.0,1.32
4.97,88.0,0.0,4.32
4.86,82.0,1.0,3.16
4.83,103.0,1.0,0.21
4.8,101.0,1.0,0.17
5.0,145.0,1.0,0.07
4.9,49.0,1.0,0.7
4.92,162.0,2.0,1.62
4.9,90.0,1.0,3.75
4.87,120.0,1.0,0.58
4.92,175.0,2.0,3.75
5.0,90.0,2.0,0.24
4.93,313.0,3.0,2.18
5.0,43.0,1.0,0.05
4.84,49.0,1.0,0.74
5.0,43.0,1.0,0.74
4.97,86.0,1.0,5.93
4.9,125.0,2.0,0.92
4.87,135.0,2.0,2.51
4.73,210.0,2.0,0.13
5.0,63.0,1.0,0.19
4.79,240.0,3.0,0.66
4.83,68.0,1.0,0.07
4.9,103.0,1.0,0.72
4.83,134.0,4.0,3.29
4.96,221.0,2.0,1.36
4.88,87.0,1.0,0.28
5.0,85.0,1.0,0.01
4.79,72.0,2.0,0.33
4.77,99.0,1.0,3.15
4.69,69.0,1.0,5.59
4.79,99.0,2.0,1.12
4.73,200.0,2.0,0.14
5.0,136.0,1.0,0.03
5.0,120.0,2.0,0.04
5.0,120.0,2.0,0.04
4.74,75.0,1.0,6.85
4.5,89.0,2.0,0.24
4.86,188.0,3.0,4.76
4.94,75.0,0.0,2.2
4.71,55.0,0.0,0.17
4.0,75.0,1.0,0.15
4.96,212.0,3.0,1.4
4.71,39.0,1.0,0.24
5.0,87.0,1.0,0.52
5.0,95.0,1.0,0.53
4.83,79.0,1.0,2.39
4.82,79.0,1.0,2.46
4.67,50.0,1.0,0.09
4.07,89.0,2.0,0.33
4.64,111.0,1.0,0.33
4.58,91.0,1.0,0.37
4.39,91.0,1.0,0.28
4.82,85.0,1.0,1.18
4.37,129.0,4.0,2.02
4.83,93.0,1.0,2.54
4.78,70.0,1.0,5.52
4.83,132.0,1.0,1.1
4.86,130.0,2.0,2.63
5.0,98.0,1.0,0.74
4.87,49.0,1.0,0.96
4.89,54.0,1.0,5.68
4.75,89.0,1.0,2.86
4.83,200.0,1.0,0.7
4.97,75.0,1.0,3.77
4.94,200.0,4.0,2.01
5.0,43.0,1.0,0.3
4.88,89.0,1.0,0.89
4.94,140.0,1.0,6.63
4.93,106.0,1.0,3.4
4.93,68.0,1.0,0.18
4.96,96.0,2.0,2.69
4.83,200.0,2.0,0.07
4.95,197.0,3.0,2.64
5.0,120.0,2.0,0.05
5.0,120.0,1.0,0.05
5.0,120.0,1.0,0.04
4.5,90.0,0.0,0.06
5.0,120.0,1.0,0.05
5.0,120.0,1.0,0.02
4.5,120.0,1.0,0.02
4.25,109.0,0.0,0.06
4.75,120.0,1.0,0.06
5.0,75.0,0.0,0.05
5.0,120.0,1.0,0.07
4.8,236.0,4.0,1.52
4.65,30.0,1.0,2.14
5.0,120.0,0.0,0.05
4.67,120.0,1.0,0.07
5.0,120.0,0.0,0.04
4.93,69.0,1.0,0.36
4.16,72.0,2.0,0.24
4.78,151.0,1.0,2.86
4.91,68.0,1.0,4.77
4.96,176.0,2.0,5.11
4.84,95.0,1.0,0.78
4.94,165.0,2.0,6.93
4.94,225.0,0.0,1.47
4.97,58.0,1.0,1.18
4.92,55.0,1.0,2.3
4.94,337.0,3.0,1.98
4.99,139.0,2.0,4.51
4.86,208.0,6.0,0.65
4.99,142.0,1.0,4.96
4.87,75.0,1.0,4.1
4.61,89.0,0.0,3.31
4.93,72.0,1.0,4.27
5.0,65.0,1.0,0.07
4.94,42.0,1.0,0.23
4.6,95.0,1.0,0.51
4.89,185.0,3.0,2.07
4.96,191.0,3.0,2.57
4.64,84.0,1.0,1.68
4.94,125.0,1.0,2.56
,300.0,3.0,
4.8,125.0,2.0,2.18
4.89,102.0,1.0,8.39
4.95,128.0,2.0,3.83
5.0,164.0,1.0,0.92
4.71,83.0,1.0,4.68
4.67,45.0,1.0,0.04
4.5,43.0,1.0,0.03
4.67,45.0,1.0,0.04
5.0,65.0,1.0,3.77
4.84,89.0,1.0,0.82
4.52,269.0,3.0,0.68
5.0,75.0,1.0,0.22
4.93,159.0,3.0,4.26
4.86,145.0,1.0,0.1
4.67,99.0,1.0,0.47
4.73,134.0,2.0,1.61
4.95,58.0,1.0,12.94
4.49,217.0,5.0,2.78
4.95,114.0,1.0,2.78
4.64,53.0,1.0,2.06
4.6,53.0,1.0,2.43
5.0,205.0,2.0,0.01
5.0,249.0,2.0,0.03
4.86,126.0,1.0,0.47
4.86,92.0,2.0,0.1
4.91,75.0,1.0,0.16
4.72,190.0,2.0,0.71
4.93,185.0,2.0,2.62
4.45,110.0,0.0,0.14
4.73,146.0,2.0,2.18
4.75,80.0,1.0,0.61
4.67,81.0,1.0,3.49
4.9,92.0,2.0,3.51
4.94,50.0,1.0,0.23
4.94,86.0,1.0,1.32
4.97,67.0,1.0,1.67
4.92,308.0,5.0,2.9
4.39,22.0,1.0,1.05
4.5,21.0,1.0,1.91
4.53,21.0,1.0,1.32
4.66,22.0,1.0,1.45
4.94,82.0,1.0,5.03
4.57,22.0,1.0,1.19
4.5,32.0,1.0,0.05
4.97,113.0,1.0,4.32
4.79,85.0,3.0,0.52
4.84,191.0,3.0,1.16
5.0,217.0,3.0,0.04
4.71,198.0,3.0,0.11
4.4,166.0,3.0,0.15
,50.0,1.0,
4.66,90.0,1.0,0.75
4.89,99.0,1.0,1.59
4.46,35.0,1.0,3.19
4.96,246.0,3.0,0.33
4.69,154.0,3.0,1.19
5.0,60.0,1.0,2.0
4.45,64.0,2.0,0.29
,141.0,2.0,
4.99,128.0,2.0,3.9
5.0,154.0,2.0,0.06
4.5,250.0,2.0,0.06
4.96,137.0,2.0,1.53
4.89,257.0,2.0,0.97
4.63,36.0,1.0,0.86
4.86,270.0,4.0,0.1
4.67,200.0,2.0,0.04
4.67,123.0,3.0,0.12
4.2,130.0,1.0,0.07
5.0,140.0,1.0,0.04
5.0,129.0,1.0,0.92
4.91,66.0,1.0,1.51
4.14,100.0,1.0,1.35
5.0,150.0,2.0,0.04
4.92,162.0,3.0,1.66
4.86,61.0,1.0,1.07
4.84,99.0,1.0,3.23
5.0,155.0,1.0,0.21
5.0,145.0,1.0,0.04
5.0,95.0,1.0,0.05
5.0,107.0,1.0,0.05
4.8,131.0,1.0,0.18
4.83,75.0,1.0,0.41
4.0,126.0,3.0,0.01
4.5,47.0,0.0,0.24
4.83,40.0,1.0,0.26
4.89,199.0,2.0,0.25
4.89,168.0,1.0,0.27
4.94,126.0,2.0,3.9
4.78,299.0,6.0,2.66
4.91,135.0,2.0,1.58
4.93,135.0,2.0,1.77
4.95,225.0,2.0,0.29
4.67,196.0,3.0,3.89
4.64,157.0,2.0,0.35
4.37,69.0,1.0,1.22
4.89,145.0,4.0,1.62
4.86,95.0,1.0,3.32
5.0,135.0,1.0,0.06
4.95,186.0,3.0,1.14
4.85,139.0,2.0,3.52
4.87,48.0,1.0,0.42
5.0,60.0,1.0,0.01
4.68,75.0,1.0,5.02
4.69,162.0,4.0,1.97
4.56,257.0,3.0,2.25
4.52,142.0,2.0,2.63
,95.0,1.0,
4.8,99.0,1.0,3.45
4.56,66.0,2.0,2.75
,120.0,1.0,
4.58,112.0,1.0,0.76
4.94,295.0,2.0,0.26
4.94,55.0,0.0,0.52
4.78,140.0,2.0,0.14
5.0,154.0,2.0,0.02
4.83,132.0,2.0,0.09
4.6,300.0,2.0,0.07
4.75,133.0,2.0,0.06
4.5,204.0,2.0,0.09
4.33,138.0,3.0,0.09
5.0,137.0,2.0,0.06
4.33,152.0,3.0,0.04
5.0,171.0,3.0,0.03
4.86,72.0,1.0,1.04
4.97,65.0,0.0,5.89
4.85,69.0,1.0,1.18
4.88,71.0,1.0,1.07
4.35,120.0,3.0,0.25
4.77,75.0,1.0,0.62
4.78,70.0,1.0,0.73
5.0,239.0,1.0,0.26
4.53,136.0,2.0,0.96
4.85,113.0,3.0,1.09
5.0,120.0,1.0,0.02
5.0,200.0,1.0,0.03
5.0,88.0,2.0,0.28
4.57,135.0,1.0,0.19
5.0,120.0,1.0,0.04
,120.0,1.0,
,120.0,1.0,
,120.0,1.0,
5.0,150.0,2.0,0.11
4.9,81.0,1.0,0.6
4.48,228.0,3.0,0.63
4.76,75.0,1.0,0.4
4.8,60.0,1.0,0.59
4.78,60.0,1.0,0.34
4.94,100.0,1.0,6.58
4.76,166.0,3.0,2.84
4.67,149.0,3.0,0.93
4.71,72.0,1.0,0.46
4.94,150.0,2.0,1.65
4.77,157.0,4.0,2.41
4.95,184.0,3.0,2.17
4.96,92.0,1.0,3.61
5.0,71.0,1.0,0.01
,120.0,1.0,
,120.0,1.0,
4.61,68.0,2.0,1.5
4.67,80.0,1.0,4.8
4.83,75.0,2.0,0.1
4.95,61.0,1.0,1.62
4.92,295.0,3.0,2.0
5.0,99.0,1.0,1.49
5.0,65.0,1.0,0.56
4.61,210.0,2.0,2.39
5.0,151.0,1.0,0.11
5.0,59.0,1.0,0.11
4.7,120.0,3.0,0.53
4.91,176.0,2.0,2.69
4.85,179.0,2.0,2.37
4.68,182.0,7.0,3.34
4.83,89.0,1.0,1.61
4.96,40.0,1.0,0.4
5.0,101.0,1.0,0.49
4.5,50.0,1.0,0.22
4.91,265.0,2.0,0.36
4.67,135.0,1.0,0.1
4.9,179.0,2.0,2.45
4.88,180.0,2.0,3.05
4.89,100.0,1.0,3.15
4.9,69.0,1.0,0.15
5.0,69.0,1.0,0.12
,120.0,1.0,
,120.0,1.0,
,135.0,1.0,
,120.0,1.0,
4.67,100.0,1.0,0.06
4.0,58.0,1.0,0.02
4.82,89.0,0.0,0.84
4.84,89.0,1.0,13.48
4.93,93.0,1.0,1.91
4.98,88.0,0.0,6.03
4.5,96.0,1.0,0.06
4.71,126.0,3.0,0.84
5.0,245.0,1.0,0.02
4.67,96.0,0.0,0.09
4.94,95.0,1.0,0.56
4.93,41.0,1.0,9.14
,165.0,2.0,
4.68,75.0,2.0,2.61
4.93,119.0,2.0,1.97
4.79,253.0,3.0,4.98
4.91,52.0,1.0,0.87
4.4,109.0,1.0,0.08
4.98,49.0,1.0,0.79
,98.0,2.0,
4.98,124.0,2.0,2.57
4.82,220.0,4.0,2.38
4.71,126.0,3.0,0.63
4.8,24.0,1.0,0.99
4.95,114.0,1.0,0.34
4.94,76.0,1.0,13.54
4.97,99.0,0.0,5.28
4.79,295.0,5.0,2.11
4.92,85.0,1.0,0.21
,200.0,3.0,
4.87,150.0,3.0,3.92
4.79,99.0,1.0,3.61
4.75,209.0,4.0,3.42
4.75,60.0,1.0,0.25
4.83,114.0,1.0,0.19
4.63,112.0,1.0,0.13
4.1,137.0,1.0,0.48
4.97,293.0,3.0,0.48
4.76,108.0,1.0,1.37
4.93,89.0,1.0,0.7
4.5,100.0,1.0,0.03
4.84,43.0,1.0,0.4
5.0,130.0,1.0,0.05
4.63,68.0,2.0,0.4
4.86,267.0,3.0,2.97
4.9,133.0,1.0,2.13
5.0,33.0,1.0,0.35
5.0,114.0,1.0,0.08
4.77,179.0,3.0,1.71
5.0,110.0,1.0,0.28
4.78,90.0,1.0,2.35
4.97,98.0,1.0,1.26
4.38,114.0,1.0,1.38
4.88,114.0,1.0,0.13
4.31,34.0,1.0,2.72
4.94,224.0,3.0,2.69
,65.0,1.0,
4.96,148.0,4.0,4.07
5.0,100.0,1.0,0.05
4.94,102.0,1.0,4.39
4.92,79.0,1.0,3.39
4.48,112.0,1.0,0.34
5.0,101.0,1.0,0.8
4.62,114.0,1.0,1.04
4.88,88.0,1.0,0.27
5.0,120.0,1.0,0.03
5.0,120.0,1.0,0.02
5.0,120.0,1.0,0.02
4.95,94.0,1.0,3.29
4.92,62.0,1.0,1.7
5.0,120.0,1.0,0.02
5.0,120.0,1.0,0.05
4.89,56.0,1.0,1.28
4.83,112.0,1.0,0.3
4.93,196.0,3.0,2.47
4.9,250.0,4.0,1.34
4.77,94.0,1.0,2.72
4.92,199.0,2.0,0.82
4.91,236.0,3.0,0.75
4.62,79.0,1.0,0.22
4.85,113.0,3.0,0.67
4.69,255.0,1.0,0.26
4.48,200.0,4.0,0.41
3.93,145.0,1.0,0.23
4.94,105.0,1.0,1.33
4.0,75.0,1.0,0.02
4.66,81.0,1.0,5.16
5.0,66.0,1.0,0.12
4.92,108.0,1.0,0.83
4.64,112.0,2.0,0.6
4.91,138.0,2.0,0.6
4.82,227.0,3.0,0.63
4.81,80.0,0.0,4.27
4.9,224.0,4.0,1.72
5.0,120.0,1.0,0.05
4.67,238.0,3.0,0.31
4.79,49.0,1.0,0.64
4.9,53.0,1.0,0.33
4.88,52.0,1.0,0.39
4.93,48.0,1.0,0.47
4.0,109.0,2.0,0.02
4.5,119.0,2.0,0.07
4.78,132.0,2.0,3.81
4.67,66.0,1.0,0.64
4.8,160.0,3.0,0.25
4.83,103.0,1.0,2.06
4.69,95.0,2.0,2.11
4.95,89.0,1.0,3.98
4.68,21.0,1.0,1.22
4.58,21.0,1.0,1.1
4.65,21.0,1.0,1.62
4.75,149.0,1.0,0.33
4.82,49.0,0.0,2.3
5.0,120.0,1.0,0.05
,135.0,1.0,
,120.0,1.0,
4.88,250.0,4.0,0.13
4.74,42.0,1.0,1.2
5.0,74.0,1.0,0.02
4.98,75.0,1.0,0.91
4.91,250.0,3.0,2.0
4.67,165.0,2.0,0.1
5.0,180.0,2.0,0.07
5.0,32.0,1.0,0.07
4.65,57.0,1.0,1.77
4.89,75.0,1.0,0.93
4.93,66.0,1.0,1.33
4.81,109.0,4.0,1.29
4.18,51.0,2.0,0.21
4.73,114.0,2.0,2.76
4.5,112.0,1.0,0.17
4.99,223.0,3.0,1.37
4.88,180.0,3.0,1.35
5.0,169.0,2.0,0.1
4.83,81.0,1.0,10.03
4.89,51.0,1.0,7.08
,125.0,1.0,
5.0,120.0,1.0,0.06
4.64,192.0,4.0,1.37
4.58,211.0,4.0,1.91
4.65,39.0,1.0,1.42
5.0,263.0,1.0,0.37
5.0,238.0,1.0,0.14
5.0,238.0,1.0,0.07
4.6,200.0,1.0,0.08
5.0,263.0,1.0,0.22
4.2,100.0,1.0,0.09
4.93,79.0,0.0,4.58
4.98,162.0,3.0,5.49
4.87,89.0,1.0,2.2
1.0,80.0,1.0,0.15
4.96,109.0,1.0,0.46
4.45,108.0,1.0,2.24
4.67,72.0,1.0,3.72
4.51,117.0,1.0,3.28
4.76,170.0,2.0,1.77
4.92,134.0,2.0,0.82
4.96,135.0,2.0,2.95
4.66,220.0,3.0,4.2
,120.0,1.0,
5.0,135.0,1.0,0.02
4.8,94.0,1.0,0.26
4.83,150.0,3.0,3.16
,120.0,1.0,
5.0,120.0,1.0,0.04
,100.0,1.0,
,100.0,1.0,
,195.0,3.0,
,100.0,1.0,
,100.0,1.0,
5.0,55.0,1.0,1.17
4.72,170.0,2.0,1.56
4.81,72.0,1.0,3.06
4.5,99.0,1.0,0.04
4.5,120.0,1.0,0.1
5.0,120.0,1.0,0.06
5.0,120.0,1.0,0.04
4.75,78.0,1.0,13.45
5.0,120.0,1.0,0.02
5.0,120.0,1.0,0.04
5.0,140.0,1.0,0.02
,160.0,1.0,
4.74,83.0,1.0,5.65
4.88,38.0,1.0,0.62
4.0,130.0,2.0,0.05
4.98,336.0,4.0,1.43
5.0,225.0,3.0,0.28
5.0,40.0,1.0,0.32
4.78,147.0,1.0,1.22
4.93,96.0,1.0,5.57
4.87,89.0,1.0,2.48
4.81,192.0,2.0,0.5
4.71,65.0,1.0,0.33
3.33,203.0,2.0,0.11
5.0,110.0,1.0,0.42
4.65,99.0,2.0,0.32
4.73,207.0,5.0,2.39
4.86,165.0,2.0,1.13
4.77,92.0,0.0,0.78
5.0,79.0,2.0,0.37
4.8,91.0,1.0,0.96
4.76,224.0,5.0,0.59
4.99,202.0,2.0,2.22
4.0,114.0,1.0,0.04
4.83,162.0,5.0,4.89
4.65,152.0,3.0,2.97
4.82,152.0,3.0,3.47
4.81,152.0,3.0,3.13
4.79,152.0,3.0,3.83
4.73,313.0,6.0,0.71
4.83,313.0,6.0,0.96
4.82,108.0,1.0,0.8
4.46,85.0,1.0,0.47
4.45,90.0,1.0,0.53
4.44,146.0,2.0,0.45
4.86,70.0,1.0,0.13
4.82,100.0,1.0,0.5
4.89,275.0,3.0,0.51
4.2,175.0,1.0,0.09
5.0,110.0,1.0,0.07
4.83,40.0,1.0,1.29
5.0,125.0,2.0,0.04
4.69,41.0,1.0,1.62
4.96,158.0,1.0,6.48
4.92,70.0,1.0,0.61
4.8,110.0,1.0,1.58
5.0,99.0,0.0,1.52
4.82,165.0,3.0,1.31
4.65,72.0,3.0,5.96
4.95,150.0,2.0,2.4
5.0,40.0,1.0,0.12
4.92,79.0,1.0,4.06
3.86,80.0,2.0,0.13
4.82,100.0,0.0,0.62
4.75,218.0,4.0,4.35
4.72,200.0,1.0,0.35
4.68,220.0,4.0,3.4
4.87,200.0,1.0,0.27
5.0,225.0,2.0,0.11
5.0,95.0,1.0,0.4
4.91,232.0,5.0,4.4
5.0,60.0,1.0,0.05
4.81,105.0,3.0,7.85
4.98,43.0,1.0,1.62
4.86,94.0,1.0,0.31
5.0,93.0,1.0,0.36
4.44,100.0,0.0,0.3
4.7,85.0,1.0,0.2
5.0,114.0,1.0,0.02
4.17,114.0,1.0,0.12
4.68,114.0,2.0,0.58
4.83,107.0,2.0,0.42
4.35,135.0,1.0,0.42
5.0,95.0,1.0,0.24
4.76,69.0,1.0,1.12
4.75,69.0,1.0,1.15
4.73,79.0,2.0,1.74
4.95,70.0,1.0,12.7
4.9,94.0,1.0,0.37
4.59,75.0,1.0,0.85
4.71,85.0,1.0,1.49
4.33,130.0,1.0,0.22
4.76,52.0,1.0,0.8
5.0,94.0,1.0,0.27
4.87,76.0,0.0,1.06
4.9,45.0,1.0,1.61
4.94,44.0,1.0,1.88
4.89,66.0,0.0,3.08
4.93,155.0,2.0,0.29
4.82,62.0,1.0,0.22
4.96,94.0,1.0,0.44
4.66,35.0,1.0,4.54
,150.0,1.0,
4.8,69.0,1.0,0.2
4.45,135.0,3.0,2.8
4.72,81.0,1.0,3.29
4.84,41.0,1.0,3.68
4.68,41.0,1.0,1.98
4.61,66.0,1.0,5.32
5.0,85.0,2.0,0.03
4.63,100.0,1.0,0.79
4.73,169.0,3.0,1.29
4.82,227.0,6.0,5.44
4.1,60.0,1.0,0.43
4.83,73.0,1.0,0.24
4.73,85.0,1.0,1.0
4.56,75.0,2.0,4.77
4.6,66.0,1.0,0.2
4.88,202.0,2.0,0.49
4.93,96.0,1.0,5.95
4.0,133.0,1.0,0.65
4.65,270.0,3.0,0.55
5.0,69.0,2.0,0.1
4.94,95.0,1.0,0.33
,150.0,1.0,
4.81,97.0,3.0,9.97
5.0,259.0,3.0,0.1
5.0,250.0,1.0,0.02
4.84,121.0,1.0,1.55
4.86,79.0,1.0,0.15
4.76,73.0,1.0,5.4
4.94,99.0,2.0,0.65
4.71,136.0,4.0,2.75
4.43,130.0,1.0,0.14
4.91,140.0,1.0,0.22
4.79,85.0,1.0,0.69
4.79,99.0,1.0,0.57
4.8,92.0,1.0,0.22
4.44,123.0,0.0,4.2
4.43,123.0,0.0,4.72
4.92,118.0,2.0,2.84
4.45,123.0,1.0,4.65
,80.0,1.0,
4.54,40.0,2.0,0.29
4.95,150.0,1.0,0.44
4.92,79.0,1.0,0.27
4.93,85.0,1.0,0.31
4.75,303.0,4.0,0.19
4.86,300.0,5.0,0.88
5.0,69.0,1.0,0.29
4.96,64.0,1.0,3.6
4.97,295.0,3.0,0.72
,146.0,2.0,
4.51,106.0,3.0,0.92
4.78,77.0,1.0,5.07
5.0,79.0,2.0,0.09
4.9,94.0,1.0,0.24
4.76,172.0,3.0,3.15
4.62,146.0,1.0,5.56
4.48,74.0,1.0,1.28
4.86,194.0,2.0,4.32
4.94,245.0,3.0,1.92
4.9,171.0,2.0,0.62
4.94,69.0,1.0,0.38
5.0,75.0,1.0,0.23
4.59,131.0,2.0,2.41
4.84,103.0,1.0,0.88
4.61,77.0,1.0,4.22
4.7,35.0,1.0,1.66
4.38,74.0,1.0,0.68
4.86,119.0,1.0,0.68
4.85,70.0,1.0,0.28
4.94,300.0,1.0,0.37
4.83,150.0,1.0,0.14
5.0,75.0,1.0,0.3
4.92,72.0,1.0,0.26
4.69,82.0,1.0,0.6
5.0,210.0,2.0,0.03
4.73,99.0,1.0,0.47
5.0,72.0,1.0,0.3
4.6,76.0,2.0,4.77
5.0,42.0,1.0,0.17
4.56,114.0,2.0,0.2
4.0,114.0,1.0,0.09
4.8,117.0,2.0,1.88
4.83,295.0,4.0,0.91
4.66,84.0,1.0,3.83
4.74,158.0,2.0,0.88
4.86,173.0,3.0,5.42
4.92,30.0,1.0,0.25
5.0,69.0,1.0,0.25
4.92,72.0,1.0,0.36
1.0,250.0,0.0,0.22
,48.0,2.0,
4.78,75.0,1.0,3.27
4.74,83.0,0.0,6.23
4.5,180.0,1.0,0.09
5.0,321.0,3.0,0.21
4.98,186.0,2.0,3.8
4.39,68.0,1.0,0.38
4.65,69.0,1.0,0.81
4.55,32.0,1.0,0.46
4.62,30.0,1.0,0.85
4.69,34.0,1.0,0.35
4.4,30.0,1.0,0.11
4.95,92.0,1.0,0.43
4.93,95.0,1.0,0.32
5.0,297.0,1.0,2.72
4.62,85.0,1.0,1.89
4.7,82.0,2.0,7.26
4.93,30.0,1.0,0.35
4.55,70.0,1.0,0.43
,39.0,1.0,
4.67,93.0,1.0,0.77
4.66,82.0,1.0,3.96
4.51,157.0,3.0,3.41
4.18,126.0,4.0,2.42
4.86,232.0,2.0,3.34
4.64,82.0,2.0,6.07
4.89,200.0,3.0,0.39
4.94,71.0,1.0,0.38
4.97,125.0,1.0,2.21
5.0,93.0,1.0,0.52
4.44,70.0,1.0,1.2
4.97,273.0,3.0,4.47
5.0,66.0,1.0,0.33
4.7,125.0,1.0,0.82
4.73,167.0,5.0,1.98
4.69,228.0,3.0,0.98
4.64,165.0,3.0,3.32
4.69,262.0,1.0,1.86
4.81,91.0,1.0,0.36
4.35,59.0,1.0,1.62
4.18,130.0,1.0,0.26
5.0,90.0,1.0,0.04
4.95,91.0,1.0,0.54
,114.0,1.0,
,114.0,2.0,
,114.0,1.0,
,114.0,1.0,
,114.0,1.0,
,114.0,1.0,
,114.0,2.0,
,114.0,1.0,
3.5,114.0,1.0,0.05
5.0,114.0,1.0,0.05
5.0,89.0,1.0,3.3
4.92,225.0,4.0,2.49
4.81,228.0,3.0,0.7
4.67,145.0,3.0,2.19
5.0,300.0,1.0,0.05
4.79,72.0,1.0,1.76
4.81,114.0,1.0,5.63
4.96,52.0,1.0,4.29
4.77,112.0,3.0,5.13
4.78,118.0,2.0,8.62
4.74,118.0,3.0,6.53
4.78,86.0,1.0,3.75
4.79,88.0,1.0,5.6
4.76,83.0,1.0,5.71
4.8,82.0,1.0,8.45
4.78,82.0,0.0,7.24
4.75,91.0,1.0,9.23
4.98,96.0,1.0,1.37
4.66,82.0,1.0,3.79
4.74,257.0,3.0,0.45
4.87,278.0,2.0,0.36
4.9,205.0,2.0,3.51
5.0,68.0,1.0,1.18
4.71,91.0,1.0,0.21
5.0,85.0,3.0,0.11
4.92,95.0,1.0,5.63
4.29,245.0,2.0,0.66
4.38,154.0,1.0,3.45
4.29,198.0,2.0,1.85
4.95,36.0,1.0,0.47
4.83,217.0,2.0,0.54
4.55,106.0,2.0,0.87
4.62,86.0,1.0,1.1
4.7,106.0,2.0,1.41
4.8,112.0,2.0,1.14
4.75,296.0,4.0,0.14
4.9,302.0,4.0,0.31
4.88,231.0,4.0,0.46
4.84,306.0,3.0,1.82
5.0,72.0,1.0,0.32
5.0,85.0,1.0,0.29
4.75,91.0,1.0,4.06
4.92,107.0,2.0,0.31
4.48,82.0,1.0,1.07
4.71,272.0,4.0,0.19
4.5,82.0,1.0,0.39
4.64,82.0,1.0,0.5
4.7,96.0,1.0,2.07
4.33,170.0,3.0,0.6
5.0,106.0,1.0,0.17
4.57,71.0,1.0,0.33
5.0,58.0,1.0,0.17
4.53,99.0,2.0,0.4
4.78,155.0,1.0,0.43
5.0,69.0,1.0,0.23
4.98,327.0,3.0,3.86
4.65,75.0,1.0,0.86
4.89,120.0,2.0,0.62
4.34,85.0,2.0,1.51
4.79,250.0,4.0,7.26
5.0,130.0,1.0,0.21
4.2,130.0,1.0,0.23
4.93,107.0,2.0,0.37
4.92,155.0,1.0,1.35
4.92,139.0,2.0,0.31
4.56,69.0,1.0,4.43
4.2,74.0,1.0,0.82
4.68,67.0,1.0,3.78
4.85,170.0,3.0,2.63
4.69,50.0,1.0,3.9
4.96,107.0,1.0,0.88
4.76,312.0,1.0,1.26
4.54,67.0,1.0,3.46
4.24,74.0,1.0,0.58
4.71,130.0,1.0,0.17
4.87,92.0,1.0,2.34
4.9,96.0,1.0,2.72
4.75,322.0,3.0,0.35
4.9,81.0,1.0,8.14
4.79,84.0,4.0,7.69
4.73,106.0,2.0,1.4
4.97,152.0,3.0,4.0
4.39,74.0,1.0,0.69
4.61,74.0,1.0,0.66
,40.0,1.0,
4.95,91.0,0.0,4.02
4.83,64.0,1.0,0.16
4.85,232.0,4.0,3.79
4.7,70.0,1.0,2.51
4.8,159.0,2.0,0.49
4.43,72.0,1.0,3.2
4.81,200.0,4.0,4.78
4.89,95.0,1.0,0.64
5.0,39.0,0.0,0.49
4.57,82.0,1.0,3.16
4.61,67.0,1.0,3.85
4.92,82.0,1.0,8.48
4.86,35.0,1.0,0.86
4.7,225.0,2.0,0.89
4.76,32.0,1.0,0.96
4.86,314.0,4.0,2.37
4.98,225.0,3.0,1.47
4.91,125.0,2.0,2.58
4.8,138.0,2.0,2.18
4.47,90.0,1.0,0.46
4.78,43.0,2.0,0.25
4.81,91.0,1.0,0.89
4.56,106.0,2.0,1.04
4.69,106.0,2.0,1.29
4.49,82.0,1.0,0.91
4.33,274.0,4.0,0.09
4.79,165.0,2.0,0.84
4.8,90.0,0.0,2.07
4.9,88.0,0.0,2.82
4.81,118.0,1.0,3.75
4.82,109.0,1.0,2.73
4.71,91.0,1.0,1.97
,60.0,1.0,
4.95,127.0,2.0,2.43
4.68,111.0,2.0,2.52
4.96,164.0,2.0,3.95
4.27,25.0,1.0,0.27
4.84,156.0,2.0,1.87
4.73,91.0,1.0,18.27
,50.0,1.0,
,60.0,1.0,
4.83,87.0,1.0,0.53
4.82,93.0,1.0,1.8
4.86,85.0,1.0,0.39
4.91,76.0,2.0,1.6
4.0,79.0,2.0,0.13
5.0,91.0,1.0,0.07
4.84,140.0,2.0,3.55
5.0,45.0,1.0,0.18
4.89,176.0,2.0,1.79
4.81,69.0,2.0,0.64
4.8,200.0,1.0,0.12
4.8,107.0,2.0,0.39
4.52,86.0,1.0,1.14
4.87,52.0,1.0,0.75
4.97,50.0,1.0,1.58
4.91,94.0,1.0,0.28
4.94,40.0,1.0,0.45
,150.0,0.0,
4.94,66.0,1.0,2.24
4.99,100.0,1.0,1.75
4.74,114.0,2.0,0.49
4.71,82.0,1.0,3.8
4.78,225.0,5.0,2.01
4.39,74.0,1.0,2.39
4.58,86.0,2.0,5.14
4.96,61.0,1.0,3.05
4.59,231.0,4.0,0.94
5.0,149.0,1.0,0.08
4.8,232.0,1.0,1.15
4.86,285.0,5.0,2.16
4.89,261.0,3.0,0.68
4.33,81.0,2.0,2.47
4.46,83.0,2.0,3.85
4.98,215.0,3.0,2.74
4.97,180.0,2.0,0.89
4.69,195.0,3.0,0.74
4.82,142.0,3.0,7.91
4.81,195.0,6.0,2.03
4.82,171.0,2.0,7.5
4.7,193.0,3.0,3.14
4.61,134.0,1.0,1.28
4.83,110.0,2.0,1.59
4.85,204.0,2.0,1.92
4.88,110.0,3.0,3.72
4.89,149.0,2.0,0.99
5.0,75.0,1.0,0.08
4.83,125.0,1.0,0.77
4.71,80.0,1.0,4.7
4.75,122.0,3.0,2.21
4.55,74.0,1.0,0.28
4.58,69.0,1.0,0.48
4.8,93.0,2.0,0.28
4.95,123.0,1.0,1.08
5.0,204.0,3.0,2.02
4.66,74.0,1.0,6.05
5.0,55.0,0.0,0.04
4.71,170.0,4.0,0.62
4.94,89.0,3.0,1.78
4.74,83.0,1.0,5.89
5.0,300.0,3.0,0.39
4.68,130.0,2.0,1.3
5.0,103.0,1.0,0.86
4.75,256.0,4.0,1.14
5.0,45.0,1.0,0.44
5.0,45.0,1.0,0.13
4.65,91.0,1.0,1.25
4.29,69.0,1.0,0.38
,75.0,1.0,
4.8,115.0,1.0,0.29
4.9,217.0,3.0,1.24
4.93,235.0,3.0,3.89
4.94,161.0,3.0,2.45
4.81,60.0,1.0,0.98
4.98,331.0,4.0,1.2
5.0,125.0,1.0,1.29
,115.0,2.0,
4.9,99.0,2.0,0.31
4.7,110.0,1.0,0.86
4.93,202.0,2.0,3.16
5.0,103.0,1.0,0.91
4.6,275.0,4.0,0.4
5.0,215.0,1.0,0.21
4.76,265.0,4.0,2.86
4.92,158.0,2.0,5.68
4.93,90.0,1.0,0.39
4.89,199.0,4.0,1.69
4.71,82.0,1.0,0.81
4.0,95.0,1.0,0.08
4.78,172.0,3.0,3.26
5.0,123.0,2.0,0.83
,69.0,1.0,
4.85,47.0,1.0,2.41
4.76,43.0,1.0,2.14
,88.0,1.0,
,59.0,1.0,
4.72,77.0,1.0,5.56
4.93,102.0,1.0,6.4
4.29,146.0,1.0,0.45
4.06,145.0,1.0,0.54
4.95,138.0,2.0,0.51
4.94,76.0,1.0,0.53
4.91,135.0,2.0,2.98
4.92,183.0,3.0,2.7
4.97,332.0,2.0,0.95
4.81,98.0,1.0,5.54
4.51,107.0,2.0,2.77
4.81,46.0,1.0,2.4
5.0,60.0,1.0,0.06
4.93,213.0,2.0,1.21
5.0,245.0,4.0,0.37
4.8,190.0,3.0,3.86
4.79,65.0,1.0,0.9
4.75,145.0,1.0,0.69
4.96,85.0,1.0,3.04
4.89,202.0,2.0,4.12
4.46,67.0,1.0,3.0
4.88,225.0,4.0,1.45
4.93,90.0,1.0,0.78
4.9,198.0,2.0,1.72
4.78,77.0,1.0,4.81
4.81,230.0,4.0,3.35
4.8,68.0,1.0,0.15
4.9,49.0,1.0,4.16
4.81,77.0,1.0,6.22
4.91,91.0,1.0,0.33
4.95,148.0,2.0,1.13
4.57,85.0,1.0,0.59
4.75,74.0,1.0,0.43
4.97,128.0,2.0,1.68
4.82,95.0,1.0,1.23
4.9,136.0,1.0,6.08
4.55,73.0,1.0,2.18
4.86,279.0,5.0,2.69
4.6,74.0,1.0,0.28
4.97,299.0,3.0,2.2
4.88,85.0,1.0,0.44
4.8,95.0,1.0,0.28
4.29,172.0,2.0,0.22
4.61,75.0,1.0,0.6
4.69,284.0,3.0,0.44
4.67,74.0,1.0,0.36
5.0,198.0,1.0,0.94
4.66,59.0,0.0,2.64
4.58,63.0,0.0,2.38
4.8,176.0,5.0,1.94
4.8,130.0,2.0,0.56
4.73,110.0,1.0,2.17
4.87,90.0,1.0,0.43
4.57,113.0,2.0,1.26
4.73,120.0,2.0,1.55
4.0,60.0,1.0,0.15
4.8,114.0,1.0,0.14
4.72,100.0,1.0,1.99
4.85,80.0,1.0,1.77
4.83,235.0,4.0,6.19
4.81,81.0,1.0,2.14
,250.0,2.0,
4.28,69.0,1.0,0.5
4.95,184.0,2.0,3.57
5.0,91.0,1.0,0.03
4.5,89.0,2.0,0.16
4.38,98.0,1.0,1.79
4.67,250.0,2.0,1.09
5.0,74.0,1.0,0.19
4.82,124.0,1.0,3.12
4.83,81.0,1.0,0.68
4.89,127.0,3.0,2.31
4.7,79.0,1.0,1.47
5.0,105.0,2.0,0.27
4.88,326.0,4.0,3.95
4.62,296.0,2.0,2.57
5.0,158.0,2.0,0.18
5.0,205.0,3.0,0.61
,39.0,1.0,
4.59,60.0,1.0,3.12
4.64,60.0,0.0,2.8
4.35,184.0,0.0,2.35
4.33,266.0,2.0,10.41
4.48,170.0,1.0,17.64
4.85,150.0,2.0,1.13
4.63,81.0,1.0,4.06
4.53,153.0,2.0,0.85
5.0,39.0,1.0,0.06
4.77,199.0,3.0,0.38
4.46,69.0,1.0,0.37
5.0,217.0,2.0,0.45
4.72,99.0,2.0,1.46
4.91,89.0,1.0,0.66
4.67,165.0,3.0,2.37
4.52,284.0,3.0,0.92
4.83,234.0,2.0,1.55
4.95,160.0,2.0,0.55
4.88,70.0,1.0,1.44
5.0,300.0,4.0,1.53
4.75,228.0,0.0,0.24
,120.0,1.0,
4.0,325.0,3.0,0.12
4.78,323.0,4.0,0.52
5.0,255.0,3.0,0.39
4.76,213.0,4.0,2.62
5.0,307.0,4.0,1.08
4.84,93.0,1.0,2.87
4.14,261.0,4.0,0.2
4.69,74.0,1.0,0.37
4.64,69.0,1.0,3.0
5.0,129.0,1.0,0.2
4.39,70.0,1.0,0.52
4.71,139.0,3.0,2.41
4.81,90.0,1.0,2.55
4.99,92.0,1.0,4.22
4.99,91.0,1.0,4.05
4.6,113.0,3.0,0.76
4.8,123.0,2.0,0.3
4.79,281.0,5.0,4.05
4.98,91.0,1.0,3.36
4.85,182.0,2.0,2.54
5.0,228.0,2.0,0.03
,60.0,1.0,
4.9,91.0,1.0,2.17
4.97,151.0,3.0,3.35
5.0,120.0,1.0,0.09
,220.0,3.0,
5.0,120.0,1.0,0.04
4.4,278.0,2.0,0.15
4.0,161.0,2.0,0.03
4.76,137.0,1.0,2.06
4.17,83.0,1.0,0.35
4.77,74.0,1.0,0.38
4.88,78.0,1.0,7.6
4.6,336.0,3.0,0.16
4.65,30.0,1.0,0.72
5.0,46.0,1.0,0.04
4.73,32.0,1.0,0.5
,35.0,1.0,
4.75,32.0,1.0,0.28
,39.0,1.0,
4.71,100.0,1.0,0.61
4.88,74.0,1.0,0.24
4.9,167.0,3.0,6.01
4.92,129.0,3.0,4.48
4.92,137.0,3.0,0.5
4.6,76.0,1.0,0.29
,85.0,1.0,
4.75,127.0,2.0,1.62
4.98,131.0,2.0,3.26
4.92,168.0,3.0,1.77
4.96,195.0,2.0,1.35
4.78,84.0,1.0,0.27
3.6,155.0,1.0,0.29
4.85,181.0,4.0,0.59
4.77,98.0,2.0,1.39
4.72,106.0,4.0,0.86
4.79,275.0,4.0,2.54
4.91,333.0,4.0,0.33
4.9,129.0,3.0,5.73
4.9,146.0,2.0,1.95
4.86,77.0,1.0,4.79
5.0,265.0,3.0,0.21
4.96,169.0,3.0,0.77
5.0,169.0,3.0,0.99
4.96,169.0,3.0,0.89
4.94,162.0,3.0,1.09
5.0,110.0,1.0,0.3
4.71,58.0,1.0,1.05
5.0,180.0,3.0,1.06
5.0,65.0,1.0,0.21
,65.0,1.0,
4.85,50.0,1.0,1.59
4.92,50.0,1.0,1.83
4.17,131.0,1.0,0.19
4.81,41.0,1.0,2.29
4.88,47.0,1.0,2.65
4.73,216.0,3.0,2.97
5.0,218.0,2.0,0.42
5.0,190.0,1.0,0.41
4.94,84.0,1.0,4.91
4.86,100.0,1.0,0.71
4.95,124.0,2.0,0.66
4.5,136.0,3.0,0.9
4.61,84.0,1.0,2.0
4.67,93.0,1.0,0.39
4.71,114.0,1.0,0.46
4.81,99.0,2.0,4.86
4.94,263.0,3.0,0.56
4.66,178.0,3.0,2.74
4.46,205.0,4.0,0.79
4.91,119.0,1.0,3.64
4.65,151.0,3.0,1.45
4.5,99.0,1.0,2.13
4.75,99.0,1.0,1.83
4.93,179.0,2.0,0.43
4.95,95.0,1.0,2.38
4.92,150.0,2.0,1.97
4.96,171.0,3.0,0.78
5.0,179.0,3.0,0.29
4.71,86.0,2.0,3.51
4.96,128.0,3.0,3.49
4.94,326.0,4.0,3.11
4.0,80.0,1.0,0.07
4.76,78.0,1.0,2.02
4.78,282.0,4.0,2.64
5.0,189.0,2.0,0.19
4.91,99.0,1.0,0.82
5.0,40.0,1.0,0.28
4.43,92.0,1.0,0.37
4.0,145.0,1.0,0.04
5.0,79.0,1.0,0.04
4.94,178.0,4.0,5.2
4.64,143.0,2.0,0.78
4.76,98.0,1.0,1.5
5.0,320.0,3.0,0.25
4.94,240.0,4.0,0.51
4.11,99.0,1.0,0.98
4.71,117.0,1.0,0.43
4.82,100.0,1.0,0.52
4.5,62.0,1.0,3.08
4.75,63.0,1.0,6.54
5.0,175.0,2.0,0.32
5.0,94.0,1.0,0.23
3.0,81.0,1.0,0.03
4.14,122.0,1.0,0.23
5.0,122.0,0.0,0.03
4.86,98.0,1.0,0.77
1.0,20.0,1.0,0.03
4.84,189.0,3.0,2.68
4.81,178.0,4.0,1.83
4.84,228.0,5.0,1.03
4.77,113.0,2.0,2.19
,137.0,1.0,
4.69,184.0,5.0,2.96
4.8,246.0,3.0,1.97
4.91,168.0,3.0,4.56
5.0,76.0,2.0,0.72
,190.0,1.0,
4.59,69.0,1.0,0.56
4.2,160.0,2.0,0.15
4.79,158.0,3.0,4.7
4.81,332.0,5.0,2.31
5.0,117.0,2.0,3.02
4.79,48.0,1.0,1.46
4.85,178.0,5.0,1.98
4.94,135.0,1.0,1.66
5.0,170.0,2.0,0.13
4.4,123.0,2.0,0.17
,175.0,3.0,
4.71,213.0,3.0,0.89
4.87,72.0,1.0,7.11
4.83,110.0,2.0,1.48
4.81,147.0,2.0,2.48
4.98,96.0,1.0,4.77
4.17,145.0,1.0,0.19
4.98,135.0,2.0,3.29
,312.0,3.0,
5.0,190.0,3.0,0.12
5.0,99.0,1.0,0.25
5.0,110.0,1.0,0.33
5.0,160.0,2.0,0.26
5.0,144.0,2.0,0.39
4.98,206.0,2.0,9.74
4.92,181.0,3.0,1.7
4.86,149.0,1.0,3.49
4.96,215.0,2.0,3.75
5.0,71.0,1.0,0.4
4.68,60.0,1.0,0.93
4.88,77.0,1.0,1.76
4.69,170.0,3.0,0.47
4.77,45.0,1.0,1.07
4.91,264.0,3.0,0.82
4.94,238.0,5.0,2.33
5.0,110.0,1.0,0.32
4.91,93.0,1.0,1.89
,180.0,1.0,
5.0,75.0,1.0,0.41
4.88,304.0,4.0,1.34
4.96,236.0,3.0,1.55
4.89,74.0,1.0,0.86
4.88,284.0,3.0,0.28
4.89,143.0,3.0,3.52
4.78,64.0,1.0,2.72
4.84,155.0,5.0,3.01
4.6,68.0,2.0,0.4
3.4,71.0,1.0,0.17
4.91,85.0,1.0,0.92
5.0,109.0,1.0,0.23
4.86,94.0,1.0,0.23
5.0,105.0,2.0,0.1
4.94,168.0,2.0,3.81
4.95,215.0,4.0,1.89
4.86,95.0,1.0,0.46
4.67,165.0,3.0,0.3
4.88,96.0,1.0,3.81
4.72,88.0,1.0,2.54
4.5,117.0,1.0,0.14
4.85,138.0,2.0,6.3
4.69,66.0,1.0,0.49
5.0,112.0,1.0,0.11
4.79,171.0,4.0,4.47
4.19,119.0,3.0,1.47
,264.0,3.0,
4.86,55.0,1.0,0.71
,135.0,3.0,
4.65,299.0,4.0,0.9
,93.0,1.0,
4.67,80.0,1.0,0.33
4.74,60.0,1.0,0.62
4.97,296.0,3.0,2.0
5.0,95.0,1.0,1.96
5.0,165.0,3.0,0.24
4.0,156.0,1.0,0.42
4.79,110.0,3.0,1.98
5.0,207.0,1.0,0.32
4.85,79.0,1.0,0.84
4.6,71.0,1.0,0.33
4.73,68.0,1.0,5.92
4.87,79.0,2.0,4.21
5.0,95.0,1.0,0.2
4.85,95.0,1.0,0.71
4.75,147.0,5.0,3.36
4.77,95.0,1.0,0.42
4.97,280.0,2.0,2.47
5.0,91.0,1.0,0.38
3.0,245.0,3.0,0.03
4.96,73.0,1.0,3.93
4.37,93.0,3.0,0.63
4.94,321.0,5.0,2.21
5.0,165.0,3.0,0.43
4.75,117.0,2.0,0.27
4.9,115.0,1.0,0.32
4.6,107.0,2.0,0.21
5.0,91.0,1.0,0.13
4.86,117.0,2.0,0.28
5.0,124.0,2.0,0.39
5.0,90.0,1.0,0.1
4.38,51.0,1.0,0.29
,98.0,3.0,
4.93,112.0,1.0,0.92
4.74,200.0,5.0,1.59
4.91,194.0,4.0,1.77
4.75,294.0,3.0,1.49
4.33,73.0,1.0,0.45
4.69,145.0,2.0,1.76
4.7,314.0,4.0,1.02
,150.0,2.0,
4.88,250.0,3.0,1.69
4.88,45.0,1.0,5.39
5.0,300.0,4.0,0.39
4.8,45.0,1.0,0.18
5.0,29.0,1.0,0.36
4.98,215.0,3.0,1.48
3.75,74.0,1.0,0.19
,56.0,1.0,
4.94,228.0,5.0,1.15
4.6,145.0,1.0,2.88
4.8,89.0,1.0,5.52
5.0,29.0,1.0,0.46
4.67,150.0,2.0,0.72
4.3,67.0,1.0,2.38
4.91,134.0,2.0,1.56
4.96,154.0,2.0,6.92
4.44,136.0,1.0,0.9
4.6,60.0,1.0,0.19
,130.0,1.0,
4.73,79.0,1.0,1.41
4.97,177.0,3.0,4.28
4.57,85.0,1.0,0.4
4.25,42.0,1.0,0.83
4.5,120.0,1.0,0.14
,104.0,1.0,
4.0,45.0,1.0,0.1
4.91,239.0,4.0,1.81
5.0,120.0,1.0,0.03
4.62,106.0,3.0,1.53
5.0,273.0,3.0,1.47
,154.0,2.0,
,120.0,1.0,
4.8,129.0,3.0,4.43
4.89,70.0,1.0,2.11
4.83,180.0,4.0,3.71
3.64,55.0,1.0,0.38
5.0,124.0,2.0,0.42
4.89,180.0,1.0,0.83
4.82,89.0,1.0,3.21
4.5,136.0,1.0,0.11
4.92,300.0,3.0,0.89
4.64,95.0,1.0,0.48
5.0,94.0,1.0,0.72
4.92,94.0,1.0,0.52
5.0,124.0,2.0,0.26
4.82,90.0,1.0,5.04
4.88,183.0,3.0,0.54
5.0,187.0,3.0,0.04
4.84,179.0,3.0,4.91
4.68,204.0,4.0,2.67
,298.0,2.0,
4.89,231.0,5.0,3.63
4.81,168.0,3.0,3.83
4.36,71.0,2.0,0.95
4.74,161.0,3.0,4.99
4.81,126.0,1.0,2.87
4.86,107.0,3.0,1.29
4.77,103.0,0.0,0.89
4.73,93.0,1.0,2.58
3.5,76.0,1.0,0.16
4.88,273.0,2.0,0.57
5.0,67.0,1.0,0.07
4.91,53.0,1.0,2.39
4.68,89.0,1.0,1.46
5.0,134.0,1.0,0.14
5.0,147.0,2.0,0.25
2.0,62.0,1.0,1.0
,150.0,2.0,
,304.0,2.0,
4.7,119.0,3.0,1.04
4.79,115.0,1.0,2.77
4.0,218.0,2.0,0.19
5.0,29.0,1.0,0.39
,258.0,1.0,
4.77,100.0,1.0,2.15
4.52,91.0,1.0,0.85
4.87,99.0,1.0,3.33
4.91,237.0,3.0,1.55
4.45,70.0,1.0,1.39
,200.0,3.0,
4.74,83.0,1.0,4.59
5.0,251.0,4.0,0.52
4.92,77.0,0.0,5.62
4.83,200.0,3.0,2.51
4.88,107.0,0.0,0.56
4.85,158.0,4.0,3.15
3.63,79.0,1.0,0.29
4.98,258.0,2.0,1.65
4.81,200.0,3.0,3.64
4.9,187.0,2.0,6.58
4.83,105.0,2.0,1.05
4.89,89.0,1.0,2.51
4.65,118.0,1.0,0.6
4.7,114.0,2.0,0.39
4.6,76.0,2.0,4.69
4.0,99.0,1.0,0.04
4.86,249.0,4.0,1.72
4.83,201.0,3.0,1.75
4.91,244.0,4.0,1.89
,95.0,1.0,
5.0,45.0,1.0,0.33
,210.0,3.0,
4.46,282.0,5.0,0.48
4.84,330.0,5.0,0.99
4.98,322.0,3.0,1.44
5.0,50.0,1.0,0.78
4.92,92.0,1.0,1.75
4.8,123.0,2.0,0.21
4.98,211.0,2.0,2.23
4.96,129.0,1.0,2.34
4.4,100.0,1.0,0.19
4.88,134.0,2.0,7.02
4.91,181.0,3.0,2.92
4.5,230.0,3.0,0.07
4.89,47.0,1.0,2.36
5.0,100.0,1.0,0.37
4.75,129.0,2.0,2.38
4.6,113.0,2.0,1.07
4.58,110.0,1.0,2.85
4.88,92.0,1.0,0.62
4.82,125.0,1.0,5.3
5.0,112.0,3.0,0.11
4.93,220.0,3.0,2.14
,55.0,1.0,
4.26,230.0,3.0,0.83
4.5,275.0,4.0,0.44
3.0,124.0,2.0,0.13
5.0,101.0,1.0,0.3
4.94,200.0,2.0,3.27
4.91,204.0,3.0,2.11
,113.0,1.0,
4.88,217.0,2.0,4.33
4.82,60.0,1.0,4.52
4.97,106.0,2.0,1.14
4.77,28.0,1.0,0.47
4.88,216.0,5.0,1.51
,99.0,1.0,
4.0,105.0,1.0,0.07
5.0,115.0,1.0,0.04
4.88,123.0,2.0,0.34
4.7,96.0,1.0,1.72
4.75,209.0,4.0,0.54
5.0,107.0,2.0,0.58
5.0,124.0,2.0,0.51
4.15,100.0,2.0,3.01
4.82,275.0,3.0,3.73
4.84,104.0,2.0,4.64
4.99,329.0,4.0,2.93
4.98,163.0,1.0,1.63
4.97,275.0,3.0,2.22
4.99,137.0,2.0,7.14
4.67,143.0,3.0,1.74
4.93,138.0,2.0,1.15
2.0,47.0,1.0,0.04
4.96,75.0,1.0,1.9
4.91,206.0,2.0,2.49
4.9,43.0,1.0,1.08
,170.0,1.0,
4.84,277.0,5.0,0.72
5.0,96.0,1.0,0.33
4.92,110.0,1.0,1.37
4.93,190.0,2.0,1.06
4.87,200.0,4.0,2.25
,150.0,1.0,
,245.0,3.0,
4.95,210.0,4.0,1.41
4.78,94.0,1.0,2.85
4.94,66.0,1.0,2.65
4.97,92.0,1.0,13.11
,117.0,2.0,
4.77,242.0,5.0,1.44
4.9,89.0,1.0,3.0
4.73,316.0,6.0,2.92
4.95,153.0,1.0,6.53
4.91,135.0,3.0,1.66
4.9,139.0,2.0,2.41
4.92,76.0,1.0,7.47
4.67,249.0,5.0,2.84
,271.0,3.0,
5.0,79.0,1.0,0.15
4.93,109.0,1.0,1.12
4.93,261.0,5.0,1.14
4.93,49.0,1.0,1.12
5.0,258.0,3.0,2.46
4.5,41.0,1.0,0.08
4.54,183.0,3.0,0.59
4.95,98.0,1.0,3.51
,86.0,1.0,
5.0,100.0,1.0,0.45
4.91,129.0,4.0,5.11
4.83,187.0,3.0,1.12
4.0,78.0,2.0,0.22
4.91,69.0,1.0,5.94
,245.0,3.0,
4.91,168.0,3.0,2.01
4.79,182.0,3.0,1.28
4.83,174.0,3.0,4.33
4.88,248.0,3.0,1.24
4.97,230.0,3.0,2.51
4.71,79.0,1.0,1.87
4.83,206.0,2.0,1.15
4.87,165.0,4.0,1.96
4.7,70.0,1.0,3.85
4.81,108.0,3.0,3.07
4.74,143.0,3.0,2.32
4.95,187.0,3.0,2.88
5.0,72.0,1.0,0.26
4.99,125.0,1.0,4.13
4.97,83.0,1.0,1.54
5.0,319.0,4.0,0.43
4.91,300.0,3.0,1.72
,200.0,1.0,
5.0,100.0,1.0,0.45
5.0,79.0,3.0,0.1
4.5,130.0,1.0,0.32
4.8,105.0,2.0,2.48
4.43,109.0,3.0,2.13
4.62,141.0,2.0,0.55
4.53,109.0,3.0,3.01
4.61,70.0,1.0,3.5
5.0,79.0,3.0,0.3
5.0,312.0,3.0,0.32
4.91,81.0,1.0,0.88
4.7,120.0,2.0,0.87
4.61,70.0,1.0,4.69
4.61,87.0,1.0,5.04
5.0,58.0,1.0,0.12
4.68,117.0,2.0,0.75
4.0,150.0,4.0,0.25
4.4,126.0,2.0,0.19
4.75,109.0,3.0,1.84
4.67,62.0,1.0,0.99
4.23,184.0,1.0,0.51
4.98,325.0,4.0,1.95
4.79,121.0,1.0,0.55
5.0,258.0,4.0,0.2
4.8,164.0,3.0,1.74
4.92,90.0,2.0,2.4
4.75,70.0,1.0,1.23
4.97,204.0,4.0,3.19
4.71,80.0,1.0,1.73
4.91,199.0,2.0,0.44
4.58,90.0,2.0,1.46
4.96,216.0,3.0,3.14
4.5,94.0,2.0,0.17
4.57,212.0,1.0,0.27
4.93,293.0,4.0,4.8
,130.0,3.0,
4.52,239.0,4.0,0.84
4.71,209.0,4.0,0.27
4.74,95.0,3.0,5.22
4.71,151.0,2.0,2.54
,80.0,2.0,
4.8,128.0,2.0,3.49
,77.0,1.0,
4.78,171.0,2.0,2.66
4.67,148.0,2.0,3.5
5.0,229.0,3.0,0.17
,68.0,2.0,
4.91,93.0,1.0,1.03
4.93,201.0,2.0,2.49
4.84,90.0,1.0,6.0
4.76,132.0,2.0,1.34
4.93,149.0,3.0,3.36
5.0,108.0,1.0,0.12
4.85,113.0,1.0,1.65
5.0,295.0,4.0,0.71
4.26,87.0,2.0,1.24
4.82,81.0,1.0,2.77
4.83,49.0,1.0,2.84
4.77,76.0,1.0,9.74
4.67,108.0,2.0,0.12
,200.0,1.0,
,176.0,2.0,
,160.0,2.0,
4.9,139.0,3.0,2.08
,127.0,1.0,
4.77,225.0,1.0,1.27
5.0,150.0,1.0,0.04
4.89,127.0,1.0,3.89
4.8,74.0,1.0,3.73
4.84,111.0,1.0,4.98
,100.0,1.0,
4.5,50.0,1.0,0.39
,120.0,0.0,
5.0,137.0,1.0,0.05
5.0,194.0,2.0,0.4
5.0,256.0,1.0,0.31
4.6,255.0,4.0,0.4
4.76,300.0,2.0,2.02
4.33,90.0,1.0,0.13
4.91,153.0,2.0,6.34
,120.0,1.0,
4.96,159.0,3.0,4.35
4.9,240.0,2.0,0.5
,250.0,1.0,
5.0,100.0,3.0,0.2
5.0,145.0,1.0,0.08
4.29,43.0,1.0,0.4
,106.0,1.0,
4.78,120.0,3.0,1.84
5.0,108.0,0.0,0.23
4.87,87.0,1.0,0.64
4.69,80.0,1.0,3.72
,88.0,0.0,
4.87,177.0,2.0,3.0
4.8,277.0,4.0,1.02
4.64,101.0,2.0,1.35
,184.0,1.0,
,285.0,4.0,
4.96,271.0,3.0,3.95
4.91,130.0,3.0,6.55
3.5,30.0,1.0,0.43
4.11,30.0,1.0,0.64
4.89,128.0,3.0,5.25
4.88,159.0,3.0,0.34
4.94,49.0,1.0,0.68
4.91,164.0,2.0,1.92
4.72,109.0,3.0,0.73
5.0,302.0,4.0,0.08
4.91,80.0,1.0,1.5
4.5,130.0,2.0,1.51
5.0,60.0,0.0,1.0
,200.0,1.0,
5.0,51.0,1.0,0.2
5.0,92.0,2.0,0.42
4.77,88.0,1.0,2.65
4.0,308.0,4.0,0.29
5.0,150.0,1.0,0.25
4.71,122.0,0.0,0.32
4.97,197.0,3.0,1.54
4.84,80.0,1.0,4.04
4.84,76.0,1.0,4.44
4.85,47.0,1.0,0.53
4.93,140.0,3.0,0.57
4.76,250.0,3.0,0.91
5.0,200.0,4.0,0.11
4.97,305.0,4.0,5.18
5.0,120.0,3.0,0.33
4.82,192.0,3.0,2.81
4.76,121.0,2.0,2.88
4.0,120.0,1.0,0.21
5.0,54.0,1.0,0.04
4.84,121.0,2.0,2.34
5.0,83.0,1.0,0.41
4.94,201.0,3.0,4.48
5.0,153.0,3.0,0.16
5.0,71.0,1.0,0.73
4.83,75.0,1.0,4.68
4.91,227.0,4.0,2.86
4.7,98.0,1.0,7.89
4.82,97.0,1.0,8.27
4.85,94.0,1.0,5.79
4.73,60.0,1.0,2.03
4.95,143.0,2.0,5.51
4.56,165.0,3.0,0.74
4.58,130.0,1.0,0.5
4.93,123.0,2.0,3.52
4.83,98.0,1.0,3.08
4.71,90.0,1.0,1.51
4.6,153.0,1.0,1.24
4.95,301.0,3.0,1.72
5.0,100.0,1.0,0.21
4.98,299.0,3.0,1.7
4.86,98.0,1.0,2.09
4.92,275.0,5.0,2.65
4.83,200.0,3.0,0.76
4.85,74.0,1.0,6.26
4.94,107.0,1.0,4.77
4.84,331.0,4.0,4.08
4.71,173.0,3.0,0.88
4.9,184.0,2.0,5.62
4.79,133.0,2.0,6.34
5.0,287.0,3.0,0.83
4.95,159.0,2.0,4.5
,65.0,2.0,
4.95,84.0,1.0,4.2
4.89,209.0,3.0,3.64
5.0,150.0,1.0,0.17
4.0,145.0,1.0,0.37
4.73,165.0,3.0,1.25
4.44,110.0,3.0,0.75
4.93,115.0,4.0,4.99
4.69,205.0,3.0,0.56
4.78,210.0,1.0,2.13
4.73,223.0,6.0,1.91
4.0,84.0,2.0,0.58
4.89,108.0,1.0,0.4
5.0,205.0,3.0,0.81
4.41,212.0,2.0,1.16
,75.0,1.0,
3.0,240.0,1.0,0.11
4.89,159.0,4.0,1.62
4.95,114.0,1.0,3.24
5.0,129.0,1.0,1.84
4.66,152.0,5.0,2.92
4.89,111.0,1.0,7.1
4.0,142.0,1.0,0.65
4.88,329.0,2.0,2.5
4.9,66.0,1.0,4.5
5.0,89.0,1.0,0.26
4.83,71.0,1.0,1.02
5.0,90.0,1.0,0.23
,147.0,2.0,
4.9,225.0,3.0,2.16
5.0,107.0,2.0,0.28
5.0,124.0,2.0,0.37
4.83,117.0,2.0,0.26
4.89,194.0,3.0,5.5
4.9,112.0,2.0,2.63
4.96,102.0,2.0,1.36
3.67,59.0,1.0,0.31
4.85,158.0,3.0,4.95
4.81,220.0,2.0,2.18
4.68,75.0,0.0,1.59
5.0,100.0,1.0,0.37
4.81,124.0,0.0,2.92
5.0,91.0,1.0,0.91
5.0,75.0,2.0,0.52
4.82,123.0,2.0,5.01
4.95,119.0,2.0,1.68
4.8,297.0,4.0,2.96
4.93,88.0,1.0,2.92
5.0,293.0,4.0,0.05
5.0,289.0,4.0,0.22
4.75,79.0,1.0,0.33
,144.0,2.0,
4.95,163.0,1.0,1.14
4.93,173.0,1.0,4.47
4.92,140.0,1.0,1.68
4.9,132.0,1.0,3.63
5.0,100.0,1.0,0.13
5.0,105.0,2.0,0.27
4.94,130.0,1.0,4.84
4.75,98.0,2.0,0.45
4.85,70.0,1.0,2.65
4.71,75.0,1.0,0.31
4.38,74.0,1.0,2.37
4.31,70.0,1.0,2.67
4.9,210.0,3.0,2.56
4.53,74.0,1.0,2.84
4.76,140.0,2.0,2.32
4.94,110.0,1.0,3.21
,125.0,1.0,
4.7,69.0,1.0,2.96
5.0,178.0,3.0,0.24
4.89,209.0,5.0,0.8
4.7,59.0,1.0,1.76
4.94,146.0,1.0,2.33
4.83,204.0,3.0,1.19
4.54,115.0,1.0,0.98
4.94,149.0,2.0,4.42
4.92,115.0,1.0,3.42
4.68,99.0,1.0,0.98
,42.0,4.0,
4.94,284.0,3.0,3.71
4.92,328.0,4.0,3.23
,300.0,1.0,
4.81,323.0,4.0,1.15
5.0,261.0,4.0,0.2
4.63,100.0,1.0,2.63
4.67,123.0,2.0,0.13
4.86,280.0,4.0,0.5
4.86,54.0,1.0,0.93
4.89,134.0,2.0,5.11
,85.0,0.0,
4.83,161.0,3.0,1.58
4.9,229.0,3.0,0.45
4.93,127.0,2.0,4.28
4.46,81.0,1.0,1.25
4.33,46.0,1.0,0.29
4.42,194.0,2.0,0.53
,125.0,2.0,
4.95,182.0,3.0,1.72
5.0,92.0,1.0,0.17
,67.0,2.0,
4.79,72.0,1.0,1.85
,70.0,2.0,
4.95,116.0,1.0,0.96
4.81,90.0,1.0,1.67
4.72,94.0,1.0,2.59
4.86,76.0,1.0,1.91
,170.0,2.0,
5.0,107.0,2.0,0.36
5.0,107.0,2.0,0.56
5.0,91.0,1.0,0.22
4.85,122.0,4.0,1.79
4.95,247.0,3.0,1.81
4.58,36.0,1.0,3.69
4.68,39.0,1.0,3.1
5.0,112.0,1.0,0.04
4.68,23.0,1.0,1.69
4.84,24.0,1.0,1.7
5.0,149.0,2.0,4.63
4.88,50.0,1.0,1.11
4.77,87.0,1.0,2.7
4.73,84.0,2.0,2.74
4.91,160.0,4.0,5.67
4.84,151.0,5.0,5.32
4.92,131.0,1.0,6.8
4.51,45.0,1.0,2.3
4.51,237.0,1.0,1.95
4.69,99.0,1.0,1.18
1.0,125.0,1.0,0.22
5.0,169.0,2.0,0.13
4.97,81.0,1.0,3.55
4.96,275.0,2.0,4.15
4.86,131.0,2.0,0.47
,230.0,4.0,
4.64,45.0,1.0,3.7
4.59,45.0,1.0,2.88
4.84,223.0,2.0,7.31
5.0,85.0,1.0,0.52
4.67,63.0,1.0,0.28
4.85,153.0,3.0,4.57
5.0,120.0,2.0,0.23
4.9,85.0,1.0,0.89
4.78,88.0,1.0,2.7
4.45,315.0,2.0,0.91
5.0,124.0,2.0,0.19
4.58,25.0,1.0,0.87
4.72,23.0,1.0,2.14
4.79,59.0,1.0,1.77
4.85,115.0,2.0,6.45
4.5,275.0,2.0,0.13
4.75,56.0,0.0,1.8
4.77,56.0,0.0,1.6
4.97,167.0,2.0,2.87
4.85,56.0,0.0,3.06
4.74,56.0,0.0,2.04
4.82,58.0,1.0,1.58
4.74,58.0,1.0,1.74
4.82,58.0,1.0,3.44
4.88,163.0,2.0,6.19
4.88,95.0,2.0,1.64
,137.0,1.0,
5.0,87.0,2.0,0.76
4.67,264.0,4.0,0.31
4.84,160.0,3.0,1.74
5.0,91.0,1.0,0.31
5.0,179.0,2.0,0.28
5.0,61.0,1.0,0.28
5.0,128.0,1.0,0.1
4.63,72.0,2.0,4.33
4.86,88.0,1.0,1.35
4.0,100.0,1.0,0.19
4.9,85.0,0.0,1.84
4.85,118.0,4.0,1.56
4.36,142.0,1.0,0.53
4.87,150.0,2.0,7.28
4.69,327.0,5.0,2.3
4.95,96.0,1.0,1.09
,210.0,4.0,
4.98,139.0,2.0,2.28
5.0,80.0,0.0,0.79
4.3,136.0,1.0,0.47
5.0,127.0,1.0,0.05
3.88,155.0,1.0,0.38
5.0,328.0,5.0,0.29
4.75,300.0,4.0,1.5
,174.0,2.0,
4.73,70.0,1.0,4.87
4.43,70.0,1.0,3.58
4.45,27.0,1.0,1.05
5.0,275.0,3.0,2.15
4.71,190.0,3.0,6.27
4.59,197.0,2.0,1.65
4.82,195.0,4.0,3.15
4.67,27.0,1.0,1.21
4.0,165.0,3.0,0.52
4.9,67.0,1.0,0.47
4.54,96.0,1.0,0.66
4.38,299.0,4.0,0.4
4.86,27.0,1.0,1.34
4.75,27.0,1.0,0.62
4.81,42.0,1.0,1.28
4.93,188.0,3.0,8.13
4.6,93.0,1.0,6.42
,142.0,1.0,
5.0,165.0,2.0,0.31
4.75,126.0,2.0,0.73
,225.0,3.0,
4.94,323.0,5.0,3.14
4.85,194.0,3.0,6.92
5.0,130.0,4.0,0.62
,189.0,1.0,
4.86,134.0,2.0,2.84
5.0,116.0,2.0,3.7
4.44,150.0,4.0,1.71
4.74,85.0,0.0,1.28
5.0,120.0,1.0,0.06
,161.0,2.0,
4.5,87.0,2.0,0.32
4.87,143.0,3.0,4.57
4.74,105.0,1.0,2.02
4.28,149.0,4.0,1.82
4.83,191.0,2.0,2.58
4.94,222.0,4.0,3.44
3.0,114.0,0.0,0.16
4.21,100.0,1.0,1.41
4.5,64.0,1.0,1.01
4.75,63.0,1.0,0.85
4.89,187.0,3.0,2.85
4.91,123.0,3.0,3.33
4.67,227.0,2.0,0.14
5.0,210.0,4.0,0.15
4.81,192.0,2.0,3.58
4.7,296.0,4.0,1.95
4.36,79.0,1.0,0.54
4.83,250.0,4.0,1.84
,257.0,6.0,
4.74,83.0,1.0,2.46
4.33,200.0,1.0,0.15
4.93,190.0,3.0,2.87
4.73,101.0,1.0,0.53
4.08,45.0,1.0,1.27
4.58,55.0,1.0,2.19
5.0,35.0,1.0,0.32
4.87,156.0,1.0,1.96
4.79,93.0,1.0,2.84
4.68,303.0,4.0,1.86
5.0,70.0,1.0,0.54
4.67,106.0,1.0,2.12
5.0,121.0,1.0,0.35
4.84,69.0,1.0,4.43
5.0,211.0,4.0,2.94
4.43,161.0,3.0,1.73
4.34,134.0,3.0,1.44
4.77,313.0,5.0,3.0
,200.0,2.0,
4.91,264.0,3.0,0.6
4.93,121.0,2.0,1.89
5.0,90.0,1.0,0.47
3.75,69.0,2.0,0.21
,67.0,1.0,
4.89,300.0,4.0,1.86
,102.0,1.0,
4.86,150.0,1.0,3.53
4.68,70.0,1.0,5.46
4.79,101.0,1.0,7.49
4.8,121.0,2.0,0.99
4.56,70.0,1.0,3.59
4.91,263.0,3.0,2.85
4.83,77.0,1.0,6.33
4.75,115.0,3.0,2.91
,340.0,1.0,
4.94,73.0,1.0,1.61
4.96,181.0,1.0,3.52
4.78,72.0,0.0,7.87
4.87,188.0,4.0,1.55
4.87,130.0,2.0,5.24
4.71,116.0,1.0,5.37
4.6,66.0,1.0,4.84
5.0,95.0,1.0,0.1
4.5,109.0,1.0,0.11
4.74,90.0,1.0,2.04
,186.0,1.0,
,44.0,2.0,
4.73,77.0,2.0,5.37
4.63,99.0,2.0,2.51
4.67,89.0,2.0,3.02
4.63,70.0,1.0,2.55
4.58,182.0,2.0,5.92
4.85,100.0,2.0,1.36
4.5,48.0,1.0,0.19
4.91,85.0,1.0,3.83
5.0,154.0,2.0,0.15
4.73,94.0,2.0,1.51
5.0,229.0,2.0,1.81
5.0,90.0,2.0,0.06
5.0,254.0,2.0,0.19
4.93,244.0,1.0,5.81
4.88,211.0,0.0,2.36
4.93,198.0,1.0,10.39
4.88,203.0,1.0,4.07
4.88,293.0,2.0,12.72
4.5,249.0,1.0,0.23
4.88,190.0,0.0,1.38
4.72,210.0,1.0,1.34
4.58,281.0,2.0,2.02
4.71,210.0,0.0,1.83
4.74,230.0,1.0,2.48
4.82,303.0,2.0,2.96
5.0,240.0,1.0,0.32
,82.0,2.0,
4.91,123.0,2.0,0.64
4.64,105.0,2.0,2.3
4.8,130.0,3.0,2.17
4.65,104.0,3.0,1.08
4.4,80.0,1.0,0.26
5.0,80.0,1.0,0.39
5.0,85.0,1.0,0.4
4.55,125.0,0.0,3.56
4.53,301.0,5.0,0.77
4.93,120.0,2.0,0.77
4.97,214.0,3.0,1.86
5.0,75.0,1.0,0.24
,266.0,3.0,
4.0,59.0,1.0,0.05
4.95,334.0,4.0,2.16
4.54,219.0,4.0,0.69
5.0,95.0,1.0,0.38
4.81,52.0,1.0,9.02
4.8,59.0,1.0,0.32
4.84,204.0,3.0,2.18
4.77,87.0,1.0,1.83
2.0,173.0,1.0,0.1
4.72,112.0,3.0,3.69
4.84,41.0,1.0,5.42
5.0,198.0,1.0,0.23
4.72,115.0,2.0,2.55
4.81,73.0,1.0,3.52
5.0,149.0,2.0,0.68
5.0,138.0,3.0,0.27
5.0,200.0,2.0,0.05
5.0,140.0,4.0,0.24
5.0,61.0,1.0,0.05
4.94,200.0,2.0,0.87
4.78,54.0,1.0,8.3
4.8,20.0,1.0,0.29
4.61,141.0,0.0,2.17
4.78,121.0,1.0,2.88
4.96,201.0,4.0,1.22
,139.0,1.0,
4.89,205.0,3.0,5.28
5.0,49.0,1.0,0.64
,80.0,1.0,
4.58,95.0,1.0,1.72
4.78,40.0,1.0,4.08
4.85,242.0,2.0,2.59
4.84,85.0,1.0,2.57
4.73,75.0,1.0,0.98
4.85,210.0,4.0,2.14
4.91,282.0,4.0,2.81
4.5,143.0,2.0,0.22
4.88,65.0,1.0,1.45
4.8,295.0,5.0,0.95
,80.0,1.0,
4.87,178.0,3.0,2.84
4.8,85.0,1.0,0.79
,137.0,2.0,
4.0,111.0,2.0,0.23
4.79,122.0,3.0,5.69
,183.0,2.0,
4.6,101.0,1.0,0.27
4.79,84.0,2.0,2.1
5.0,207.0,3.0,0.38
4.91,112.0,1.0,3.68
4.79,39.0,1.0,4.64
4.86,70.0,1.0,1.24
4.54,111.0,2.0,2.08
4.96,99.0,1.0,2.99
4.97,110.0,1.0,3.32
4.97,116.0,1.0,3.57
4.88,219.0,3.0,1.36
4.83,127.0,3.0,5.09
4.68,129.0,2.0,1.58
4.67,39.0,1.0,0.5
4.48,197.0,1.0,1.49
4.82,59.0,1.0,4.28
4.91,213.0,4.0,2.45
4.55,199.0,1.0,1.81
4.77,107.0,2.0,9.06
4.8,102.0,1.0,2.5
4.98,189.0,3.0,3.33
4.92,40.0,1.0,2.76
4.92,154.0,3.0,5.34
,240.0,1.0,
4.44,50.0,1.0,1.79
5.0,125.0,2.0,0.13
4.91,104.0,1.0,6.09
4.88,83.0,1.0,2.3
4.88,257.0,3.0,1.87
4.89,104.0,1.0,4.56
4.96,107.0,1.0,6.02
5.0,80.0,1.0,0.16
4.78,88.0,1.0,0.86
4.1,89.0,3.0,2.31
4.0,56.0,1.0,0.19
4.79,60.0,1.0,4.45
4.88,155.0,3.0,1.84
4.71,91.0,0.0,0.42
4.9,80.0,1.0,1.86
5.0,285.0,2.0,0.12
4.79,56.0,1.0,1.58
4.85,56.0,1.0,1.86
4.65,100.0,3.0,3.23
4.71,59.0,1.0,2.77
4.67,58.0,1.0,2.55
4.89,61.0,1.0,3.2
4.89,60.0,1.0,2.2
4.97,62.0,1.0,1.98
4.72,60.0,1.0,2.11
4.79,58.0,1.0,4.03
4.72,54.0,1.0,3.5
,97.0,1.0,
4.89,327.0,4.0,2.99
4.82,180.0,1.0,0.64
4.26,117.0,4.0,2.69
4.52,191.0,1.0,1.42
4.7,122.0,3.0,2.45
5.0,160.0,1.0,0.27
4.88,133.0,1.0,0.47
4.9,85.0,1.0,2.25
4.82,162.0,3.0,0.63
5.0,96.0,1.0,0.08
4.47,159.0,4.0,2.12
5.0,99.0,2.0,0.22
4.93,100.0,2.0,0.87
4.83,100.0,2.0,0.73
4.91,67.0,2.0,0.61
5.0,105.0,4.0,0.18
,250.0,1.0,
4.42,188.0,5.0,0.69
4.82,212.0,3.0,2.23
,245.0,3.0,
4.0,85.0,2.0,0.12
5.0,135.0,1.0,0.24
,135.0,1.0,
,120.0,1.0,
,177.0,3.0,
4.83,71.0,1.0,2.07
4.96,51.0,1.0,1.49
5.0,275.0,5.0,0.11
4.6,50.0,1.0,2.46
4.79,93.0,1.0,2.48
4.85,120.0,3.0,4.87
4.96,238.0,4.0,1.43
5.0,150.0,2.0,0.52
4.48,188.0,4.0,1.54
4.89,192.0,2.0,2.7
4.85,174.0,2.0,2.32
4.75,75.0,1.0,1.19
5.0,134.0,2.0,0.93
4.56,62.0,1.0,1.02
4.77,104.0,1.0,6.45
,160.0,,
5.0,81.0,2.0,0.15
4.83,100.0,1.0,3.31
5.0,75.0,1.0,0.17
4.74,164.0,3.0,1.35
5.0,330.0,4.0,2.14
,108.0,2.0,
5.0,220.0,1.0,0.24
5.0,172.0,3.0,1.8
4.8,138.0,4.0,3.69
4.9,169.0,3.0,2.85
4.9,294.0,4.0,3.86
4.58,139.0,3.0,1.09
5.0,125.0,1.0,0.28
4.38,124.0,3.0,1.61
4.87,239.0,3.0,4.64
4.5,200.0,2.0,0.81
4.9,108.0,1.0,8.24
,176.0,3.0,
4.77,311.0,4.0,1.51
4.92,102.0,1.0,3.68
4.84,79.0,1.0,2.53
4.96,153.0,1.0,2.41
,213.0,2.0,
4.97,186.0,4.0,1.85
4.75,169.0,3.0,3.23
4.48,71.0,1.0,3.57
5.0,66.0,1.0,0.46
4.66,132.0,1.0,5.77
4.63,169.0,2.0,2.49
4.55,79.0,1.0,3.14
4.86,120.0,1.0,0.43
4.62,32.0,1.0,0.97
4.64,225.0,3.0,1.94
4.94,300.0,2.0,0.99
4.54,45.0,1.0,3.68
5.0,297.0,4.0,0.7
4.89,289.0,4.0,1.1
5.0,114.0,1.0,0.49
4.27,70.0,1.0,1.76
,150.0,2.0,
4.63,130.0,2.0,2.62
4.75,114.0,2.0,0.32
,90.0,1.0,
4.83,190.0,1.0,3.44
4.75,141.0,1.0,0.53
4.9,43.0,2.0,9.49
4.83,90.0,1.0,3.54
5.0,257.0,3.0,0.32
4.6,67.0,1.0,0.89
5.0,125.0,1.0,0.23
4.73,113.0,2.0,0.7
4.71,133.0,1.0,1.43
4.76,97.0,2.0,1.32
,169.0,1.0,
4.73,304.0,3.0,1.6
4.83,119.0,3.0,3.1
4.84,165.0,3.0,2.6
4.89,186.0,3.0,2.77
4.93,286.0,3.0,4.34
4.82,100.0,2.0,2.38
,280.0,3.0,
4.56,68.0,1.0,1.9
5.0,87.0,1.0,0.16
4.93,153.0,2.0,5.35
4.82,60.0,1.0,4.99
4.89,103.0,1.0,2.79
4.88,195.0,3.0,2.77
5.0,229.0,3.0,0.73
4.73,111.0,1.0,4.72
4.75,178.0,4.0,1.07
4.9,120.0,2.0,4.39
5.0,116.0,1.0,1.99
4.94,124.0,1.0,4.14
4.94,130.0,1.0,3.1
4.93,111.0,1.0,2.57
4.96,127.0,1.0,2.88
4.9,175.0,2.0,5.58
4.8,108.0,2.0,3.92
3.5,80.0,1.0,0.12
4.38,190.0,3.0,0.5
4.5,108.0,2.0,0.13
1.0,150.0,2.0,0.58
4.78,85.0,1.0,3.12
4.33,155.0,1.0,0.19
5.0,120.0,1.0,0.2
,150.0,1.0,
4.42,68.0,1.0,2.05
5.0,48.0,1.0,0.16
4.54,189.0,4.0,1.53
,102.0,1.0,
4.77,336.0,4.0,1.37
,35.0,1.0,
3.5,113.0,2.0,0.31
4.67,159.0,4.0,0.24
,280.0,2.0,
4.82,300.0,4.0,1.45
4.0,266.0,3.0,0.13
,81.0,2.0,
4.84,204.0,2.0,1.2
4.0,79.0,2.0,0.51
4.92,229.0,3.0,0.75
4.97,52.0,1.0,11.07
4.94,41.0,1.0,1.06
5.0,199.0,2.0,1.09
4.8,315.0,5.0,1.41
4.83,76.0,1.0,0.41
3.75,155.0,1.0,0.25
4.2,79.0,1.0,0.35
4.8,89.0,2.0,0.31
4.86,45.0,1.0,0.87
4.8,55.0,1.0,0.31
4.89,68.0,1.0,1.13
4.9,238.0,3.0,3.85
4.71,196.0,2.0,5.24
4.64,120.0,2.0,0.9
5.0,17.0,2.0,0.32
3.88,103.0,3.0,0.54
4.99,182.0,3.0,5.36
4.97,100.0,1.0,4.22
4.78,164.0,3.0,11.23
4.83,115.0,2.0,0.5
5.0,180.0,2.0,0.27
4.4,114.0,1.0,1.94
4.75,101.0,1.0,1.26
4.56,72.0,1.0,0.61
4.67,62.0,1.0,0.67
,89.0,2.0,
4.87,82.0,1.0,0.96
4.79,160.0,3.0,1.82
,100.0,1.0,
,275.0,4.0,
4.85,271.0,1.0,1.76
4.94,300.0,3.0,1.12
5.0,190.0,4.0,0.27
4.62,97.0,1.0,2.96
4.93,60.0,1.0,1.0
5.0,108.0,2.0,0.1
3.67,56.0,1.0,0.22
3.5,91.0,1.0,0.27
3.25,70.0,1.0,0.28
4.33,96.0,1.0,0.42
5.0,79.0,1.0,0.27
,80.0,1.0,
4.63,151.0,4.0,2.75
4.83,125.0,2.0,5.33
5.0,327.0,2.0,2.18
4.84,80.0,1.0,6.72
4.85,97.0,1.0,0.89
4.95,122.0,1.0,8.28
4.89,198.0,3.0,4.75
3.8,44.0,1.0,0.4
4.0,62.0,1.0,0.32
4.75,250.0,2.0,0.27
4.76,106.0,2.0,2.46
5.0,90.0,1.0,0.75
4.47,70.0,1.0,1.98
4.96,110.0,1.0,3.35
4.04,101.0,2.0,1.6
5.0,109.0,0.0,2.59
5.0,196.0,3.0,1.77
5.0,146.0,2.0,0.23
4.85,72.0,1.0,3.09
4.86,77.0,1.0,2.39
4.85,108.0,2.0,2.61
5.0,276.0,5.0,2.01
4.88,145.0,3.0,1.86
5.0,174.0,3.0,0.88
4.7,68.0,1.0,5.41
4.95,77.0,3.0,10.91
4.82,99.0,2.0,1.77
4.5,123.0,2.0,0.16
4.86,112.0,2.0,3.0
4.88,162.0,3.0,2.29
,189.0,2.0,
4.74,82.0,1.0,2.29
4.92,154.0,3.0,0.84
5.0,124.0,2.0,0.98
5.0,134.0,1.0,0.68
4.88,137.0,2.0,1.2
4.88,142.0,2.0,0.57
5.0,138.0,1.0,0.16
4.75,125.0,1.0,2.18
5.0,124.0,2.0,0.27
5.0,233.0,1.0,0.66
4.35,80.0,2.0,3.63
4.93,104.0,1.0,3.63
5.0,199.0,3.0,0.65
,153.0,,
4.75,184.0,4.0,2.2
4.9,241.0,4.0,3.25
4.81,108.0,3.0,3.61
4.5,45.0,1.0,1.2
4.74,84.0,2.0,6.24
,171.0,2.0,
5.0,89.0,1.0,0.74
5.0,271.0,3.0,0.98
4.67,37.0,2.0,0.33
4.92,73.0,1.0,2.5
4.6,69.0,2.0,2.31
,285.0,2.0,
5.0,93.0,2.0,0.29
4.98,118.0,1.0,2.95
4.91,56.0,1.0,1.79
4.89,76.0,1.0,1.89
4.96,229.0,2.0,1.93
4.0,234.0,5.0,0.39
4.89,321.0,3.0,4.16
4.78,121.0,1.0,3.84
4.72,130.0,4.0,2.5
4.7,110.0,1.0,3.51
4.52,71.0,1.0,3.17
4.96,197.0,3.0,3.78
4.18,155.0,1.0,1.71
3.0,155.0,1.0,0.2
,185.0,1.0,
,295.0,1.0,
,295.0,1.0,
,295.0,1.0,
4.0,155.0,1.0,0.56
,230.0,1.0,
4.38,180.0,1.0,1.21
,240.0,1.0,
5.0,240.0,1.0,0.28
,240.0,1.0,
,245.0,4.0,
,325.0,4.0,
4.69,102.0,1.0,2.96
4.0,77.0,1.0,0.41
5.0,200.0,3.0,0.07
4.98,254.0,2.0,3.34
,49.0,1.0,
4.88,138.0,2.0,1.51
5.0,246.0,2.0,1.13
4.0,129.0,2.0,0.67
,100.0,2.0,
5.0,115.0,2.0,1.23
4.83,91.0,1.0,0.45
4.94,66.0,1.0,3.44
4.33,65.0,1.0,0.44
4.48,158.0,3.0,1.59
4.89,121.0,1.0,2.42
4.84,136.0,2.0,2.11
4.15,44.0,1.0,0.91
5.0,159.0,1.0,3.44
5.0,99.0,2.0,0.09
5.0,81.0,1.0,1.74
4.96,190.0,3.0,5.25
4.98,154.0,2.0,4.43
4.62,160.0,2.0,3.74
4.99,92.0,1.0,7.67
4.57,60.0,0.0,0.51
4.8,100.0,2.0,1.43
4.17,104.0,2.0,0.48
4.84,126.0,1.0,8.77
4.94,118.0,1.0,3.86
4.4,55.0,1.0,0.36
5.0,125.0,2.0,0.43
4.92,77.0,1.0,5.03
4.93,159.0,3.0,1.87
5.0,91.0,1.0,2.0
4.92,247.0,4.0,1.92
4.89,82.0,2.0,2.53
4.84,79.0,2.0,1.76
4.5,60.0,1.0,1.42
,55.0,0.0,
4.38,56.0,1.0,0.56
4.91,118.0,2.0,3.44
4.78,45.0,1.0,1.86
,68.0,1.0,
4.98,72.0,1.0,3.57
4.6,47.0,1.0,2.12
4.5,45.0,1.0,1.11
4.92,239.0,1.0,1.87
5.0,40.0,1.0,0.35
5.0,257.0,3.0,0.3
4.75,65.0,1.0,1.74
4.9,79.0,2.0,2.51
4.9,65.0,1.0,1.9
4.82,93.0,1.0,2.34
,216.0,4.0,
5.0,295.0,3.0,0.38
4.52,47.0,1.0,1.54
4.8,112.0,1.0,3.63
4.4,45.0,1.0,1.42
4.96,310.0,3.0,5.24
4.6,140.0,3.0,0.48
4.78,109.0,2.0,1.66
4.86,220.0,4.0,2.63
4.83,110.0,1.0,1.32
4.75,175.0,1.0,0.36
4.71,175.0,1.0,0.49
4.81,72.0,1.0,2.98
4.85,186.0,3.0,7.52
4.94,126.0,2.0,5.02
4.55,124.0,2.0,0.84
4.88,108.0,1.0,0.64
5.0,123.0,2.0,0.25
4.78,66.0,1.0,5.12
4.95,144.0,2.0,3.11
4.73,139.0,3.0,3.02
4.84,167.0,2.0,1.85
4.86,106.0,2.0,2.58
4.94,129.0,1.0,2.22
4.91,137.0,2.0,4.26
4.85,113.0,2.0,2.43
4.91,129.0,2.0,3.91
4.9,119.0,1.0,2.4
4.6,229.0,3.0,0.72
4.67,175.0,1.0,0.25
4.93,257.0,2.0,2.38
4.97,278.0,2.0,4.65
4.73,150.0,3.0,1.06
4.76,86.0,2.0,4.93
4.6,185.0,2.0,2.81
4.96,64.0,1.0,1.95
4.93,166.0,2.0,5.97
4.38,48.0,1.0,0.58
4.91,91.0,1.0,3.34
4.76,172.0,4.0,5.32
4.79,99.0,3.0,2.46
4.73,140.0,3.0,3.95
4.67,127.0,2.0,1.29
,250.0,3.0,
4.86,71.0,1.0,0.51
4.91,89.0,1.0,2.36
4.69,127.0,2.0,4.43
,120.0,1.0,
4.71,108.0,2.0,3.07
4.89,72.0,1.0,2.54
,75.0,1.0,
4.92,332.0,4.0,0.87
4.71,113.0,2.0,0.69
4.67,72.0,1.0,0.74
4.84,106.0,1.0,2.34
4.5,65.0,1.0,0.29
4.63,57.0,1.0,1.49
,44.0,4.0,
4.98,68.0,1.0,5.84
4.88,330.0,3.0,2.87
4.95,94.0,1.0,1.46
5.0,155.0,2.0,0.58
4.73,92.0,1.0,4.55
4.95,260.0,3.0,1.63
5.0,35.0,1.0,0.32
4.96,93.0,1.0,6.32
4.93,101.0,0.0,6.88
4.0,66.0,1.0,0.07
4.72,151.0,5.0,4.96
5.0,115.0,1.0,0.39
3.83,145.0,2.0,0.46
4.98,145.0,2.0,3.25
4.84,129.0,1.0,2.31
,124.0,1.0,
,65.0,0.0,
,240.0,3.0,
4.86,184.0,2.0,5.51
4.56,42.0,1.0,2.57
5.0,91.0,1.0,0.16
4.5,104.0,1.0,0.39
5.0,43.0,1.0,0.08
4.93,134.0,2.0,5.22
5.0,150.0,1.0,0.09
4.79,80.0,1.0,7.3
4.93,34.0,1.0,3.95
4.75,226.0,3.0,1.53
4.42,102.0,2.0,1.8
4.75,73.0,1.0,0.94
,63.0,1.0,
,51.0,1.0,
4.56,37.0,1.0,4.22
,80.0,1.0,
5.0,119.0,1.0,0.57
4.82,191.0,3.0,3.27
,115.0,3.0,
,220.0,2.0,
5.0,341.0,3.0,1.95
5.0,333.0,3.0,0.16
5.0,43.0,1.0,0.53
4.69,65.0,1.0,3.67
,43.0,1.0,
4.67,232.0,3.0,0.9
4.88,234.0,2.0,5.19
2.0,79.0,1.0,0.32
4.93,237.0,2.0,4.12
4.8,33.0,1.0,1.94
,43.0,1.0,
4.72,70.0,1.0,2.82
4.91,84.0,1.0,2.47
4.92,313.0,3.0,3.19
4.65,61.0,2.0,2.82
4.91,157.0,1.0,3.51
5.0,71.0,1.0,0.18
4.84,101.0,1.0,5.37
4.7,150.0,2.0,2.73
4.8,95.0,1.0,0.41
4.95,100.0,1.0,8.27
4.73,61.0,1.0,1.71
4.92,61.0,1.0,1.89
4.81,162.0,2.0,5.0
4.9,72.0,1.0,3.94
4.84,87.0,1.0,6.69
4.84,52.0,1.0,3.43
3.8,133.0,3.0,0.44
5.0,150.0,1.0,0.29
4.7,130.0,2.0,0.78
4.92,187.0,3.0,2.01
5.0,77.0,1.0,2.0
5.0,100.0,1.0,0.51
4.5,67.0,1.0,2.17
5.0,87.0,1.0,0.62
4.85,75.0,1.0,5.36
4.43,70.0,1.0,1.82
4.97,98.0,1.0,3.12
4.9,307.0,3.0,5.32
4.85,174.0,2.0,5.06
4.85,112.0,4.0,1.08
4.81,84.0,0.0,2.45
3.0,142.0,2.0,0.17
4.6,215.0,3.0,1.23
5.0,44.0,1.0,0.37
4.76,79.0,1.0,9.21
5.0,158.0,3.0,0.25
4.33,140.0,1.0,0.47
4.71,153.0,3.0,7.29
4.98,189.0,2.0,3.56
4.54,36.0,1.0,2.23
4.83,332.0,5.0,3.46
4.75,170.0,1.0,7.99
4.67,145.0,3.0,0.26
4.95,73.0,1.0,4.7
4.56,130.0,1.0,0.77
5.0,280.0,3.0,0.32
4.67,100.0,1.0,0.38
5.0,71.0,1.0,2.72
4.68,200.0,4.0,2.99
4.8,106.0,1.0,3.3
4.92,115.0,1.0,2.26
4.76,64.0,1.0,3.71
4.89,158.0,3.0,5.11
4.75,112.0,0.0,2.9
4.92,100.0,1.0,3.08
4.9,108.0,2.0,3.59
4.83,108.0,2.0,4.93
5.0,81.0,1.0,1.05
4.96,285.0,3.0,2.35
4.53,77.0,1.0,1.43
4.85,108.0,2.0,2.23
,250.0,4.0,
4.94,126.0,1.0,1.42
5.0,85.0,1.0,0.37
4.88,170.0,2.0,2.64
5.0,65.0,1.0,0.25
4.43,47.0,1.0,0.82
4.64,119.0,3.0,0.93
4.94,200.0,2.0,1.52
5.0,50.0,1.0,0.34
4.64,95.0,1.0,1.22
5.0,33.0,1.0,0.52
4.3,85.0,2.0,2.47
,250.0,3.0,
5.0,33.0,1.0,0.34
4.9,86.0,1.0,6.79
4.73,76.0,1.0,0.94
5.0,155.0,2.0,1.72
5.0,21.0,1.0,2.63
,128.0,1.0,
4.13,25.0,1.0,1.45
4.77,25.0,1.0,2.37
4.31,24.0,1.0,1.29
,220.0,2.0,
4.67,150.0,2.0,0.27
4.5,155.0,1.0,0.41
,185.0,1.0,
4.88,185.0,1.0,0.83
4.29,66.0,1.0,0.58
4.81,99.0,1.0,2.66
4.33,52.0,1.0,1.12
4.76,169.0,1.0,21.34
4.67,66.0,2.0,1.29
4.83,205.0,3.0,1.71
5.0,110.0,1.0,0.26
5.0,195.0,3.0,0.65
4.64,88.0,1.0,3.59
5.0,194.0,3.0,0.65
5.0,101.0,1.0,2.06
4.5,129.0,1.0,0.2
,146.0,2.0,
4.91,118.0,1.0,7.26
5.0,221.0,3.0,1.88
4.0,67.0,1.0,0.63
4.86,93.0,1.0,9.94
4.88,167.0,4.0,3.58
4.08,149.0,3.0,1.17
4.82,87.0,1.0,1.51
4.75,110.0,2.0,1.14
5.0,77.0,1.0,0.6
5.0,58.0,1.0,0.45
5.0,177.0,3.0,0.35
4.75,280.0,4.0,0.35
,250.0,1.0,
5.0,112.0,1.0,1.0
,120.0,1.0,
,250.0,3.0,
4.85,118.0,1.0,3.36
4.61,69.0,1.0,5.82
4.91,115.0,2.0,3.93
5.0,143.0,2.0,3.2
4.89,95.0,1.0,4.79
4.92,77.0,1.0,7.13
4.86,157.0,1.0,9.51
4.87,88.0,1.0,9.28
,100.0,2.0,
4.94,171.0,3.0,1.52
4.64,165.0,1.0,1.33
5.0,65.0,1.0,0.19
4.87,113.0,1.0,7.75
4.71,77.0,1.0,1.25
4.36,230.0,2.0,1.02
4.29,179.0,3.0,0.74
4.5,100.0,1.0,2.04
4.38,119.0,2.0,1.14
4.95,158.0,1.0,3.85
5.0,300.0,3.0,0.71
4.85,231.0,2.0,4.97
4.73,120.0,1.0,3.27
4.83,120.0,1.0,5.33
4.94,134.0,2.0,5.95
4.0,87.0,1.0,0.23
5.0,230.0,1.0,0.17
,90.0,2.0,
4.75,35.0,1.0,2.9
4.96,103.0,0.0,3.64
4.92,55.0,1.0,1.3
4.67,64.0,1.0,5.39
4.71,72.0,1.0,3.19
4.96,54.0,1.0,2.31
5.0,56.0,1.0,1.01
5.0,207.0,3.0,2.62
5.0,87.0,1.0,1.29
4.44,204.0,2.0,0.81
5.0,55.0,1.0,0.95
,179.0,1.0,
4.91,102.0,1.0,2.97
5.0,145.0,1.0,2.41
4.85,138.0,1.0,3.57
5.0,85.0,1.0,0.1
4.94,115.0,1.0,2.82
5.0,132.0,1.0,3.33
4.88,61.0,1.0,0.74
5.0,145.0,2.0,3.19
5.0,122.0,3.0,1.7
5.0,128.0,1.0,2.34
5.0,97.0,1.0,0.38
4.82,106.0,1.0,1.58
4.62,72.0,1.0,1.22
5.0,149.0,2.0,0.31
4.94,118.0,1.0,3.32
5.0,114.0,1.0,3.86
4.97,122.0,1.0,3.17
5.0,230.0,1.0,0.57
4.77,134.0,3.0,2.05
,180.0,1.0,
4.89,120.0,1.0,3.34
4.91,112.0,2.0,2.23
5.0,80.0,1.0,1.06
4.91,151.0,1.0,7.34
3.75,180.0,1.0,0.55
,180.0,1.0,
5.0,70.0,2.0,0.28
4.71,283.0,3.0,0.79
4.78,114.0,1.0,4.41
5.0,297.0,3.0,3.17
4.97,143.0,2.0,3.63
5.0,76.0,1.0,1.38
5.0,85.0,1.0,2.83
4.79,268.0,3.0,1.94
,125.0,3.0,
,60.0,1.0,
4.54,139.0,1.0,3.57
5.0,145.0,2.0,0.39
4.95,127.0,2.0,2.0
4.55,130.0,2.0,3.61
4.88,134.0,2.0,1.53
5.0,245.0,3.0,0.38
4.6,95.0,1.0,0.95
4.0,100.0,1.0,0.12
,245.0,1.0,
,245.0,1.0,
,44.0,1.0,
4.25,100.0,2.0,0.76
5.0,80.0,1.0,0.23
4.57,79.0,2.0,1.33
4.67,80.0,1.0,2.45
4.0,52.0,1.0,0.16
5.0,119.0,1.0,4.27
,108.0,1.0,
4.0,76.0,1.0,1.74
4.64,106.0,2.0,1.07
5.0,64.0,1.0,0.75
,10.0,1.0,
4.5,36.0,1.0,0.2
4.74,78.0,1.0,3.3
4.86,149.0,1.0,0.9
4.33,117.0,2.0,0.35
4.83,54.0,1.0,2.71
4.83,105.0,1.0,7.72
4.67,79.0,2.0,2.05
4.83,88.0,1.0,2.85
,154.0,2.0,
5.0,129.0,1.0,1.22
4.3,104.0,2.0,2.28
5.0,42.0,1.0,0.43
4.93,200.0,2.0,2.79
4.6,83.0,1.0,1.53
4.97,143.0,2.0,6.35
4.97,103.0,0.0,3.31
4.43,73.0,2.0,2.44
4.75,113.0,3.0,0.39
5.0,119.0,1.0,3.0
5.0,160.0,2.0,1.71
4.82,82.0,1.0,1.13
4.69,70.0,1.0,1.29
5.0,59.0,1.0,0.21
4.95,111.0,1.0,4.81
4.6,93.0,1.0,4.77
4.0,336.0,3.0,0.25
,65.0,1.0,
5.0,103.0,1.0,3.0
4.69,261.0,3.0,3.26
1.0,75.0,1.0,0.11
4.77,85.0,1.0,3.5
4.95,68.0,0.0,4.07
4.85,57.0,0.0,1.49
4.62,105.0,1.0,3.84
3.67,55.0,1.0,0.39
,80.0,,
4.67,79.0,1.0,0.67
4.78,250.0,3.0,1.02
5.0,66.0,1.0,1.01
5.0,49.0,1.0,0.11
4.75,252.0,3.0,0.93
4.84,85.0,1.0,3.16
5.0,120.0,1.0,0.24
,274.0,4.0,
4.9,113.0,1.0,7.94
4.84,138.0,3.0,6.72
4.0,85.0,2.0,0.31
4.57,89.0,1.0,1.58
4.0,106.0,3.0,0.25
4.76,69.0,1.0,2.13
4.62,106.0,1.0,1.39
,230.0,3.0,
5.0,120.0,1.0,1.91
4.96,283.0,5.0,2.75
,101.0,3.0,
4.6,123.0,1.0,1.52
4.86,150.0,1.0,1.46
4.96,64.0,1.0,2.59
4.5,55.0,1.0,0.85
4.95,100.0,1.0,2.25
5.0,150.0,2.0,1.69
4.96,303.0,3.0,2.85
4.71,95.0,1.0,6.3
4.94,94.0,1.0,3.26
4.78,276.0,4.0,1.08
4.94,300.0,1.0,3.89
5.0,116.0,3.0,0.56
4.78,101.0,1.0,7.85
4.73,188.0,4.0,1.4
4.94,64.0,1.0,4.05
5.0,285.0,2.0,0.71
4.93,143.0,2.0,4.65
,73.0,1.0,
4.7,88.0,1.0,4.49
5.0,153.0,1.0,1.6
4.72,69.0,1.0,1.93
4.89,207.0,3.0,2.1
4.5,112.0,2.0,0.22
,90.0,1.0,
,267.0,4.0,
5.0,141.0,3.0,1.36
4.96,133.0,1.0,3.08
4.91,163.0,1.0,3.91
4.75,216.0,4.0,0.52
4.97,118.0,1.0,3.74
4.92,93.0,1.0,2.68
4.0,91.0,1.0,3.38
5.0,75.0,1.0,1.01
,85.0,1.0,
4.27,75.0,1.0,2.42
4.67,113.0,2.0,1.07
4.9,89.0,1.0,2.36
4.67,73.0,1.0,0.78
4.86,147.0,1.0,1.72
4.66,299.0,4.0,3.53
,140.0,1.0,
4.93,168.0,3.0,1.65
5.0,49.0,1.0,0.88
4.94,45.0,1.0,3.52
5.0,163.0,2.0,1.04
3.8,138.0,1.0,1.1
4.85,152.0,4.0,3.01
4.62,167.0,1.0,2.41
4.74,95.0,1.0,3.68
4.25,113.0,2.0,0.9
3.0,65.0,2.0,0.53
4.78,100.0,1.0,1.01
4.91,176.0,2.0,2.8
4.38,78.0,2.0,1.59
5.0,87.0,2.0,0.71
5.0,54.0,1.0,1.98
,67.0,1.0,
4.6,177.0,3.0,1.96
,38.0,1.0,
4.57,183.0,3.0,2.5
2.0,69.0,1.0,0.43
4.33,162.0,3.0,0.34
5.0,124.0,1.0,0.13
4.5,72.0,1.0,0.53
4.84,79.0,1.0,8.19
5.0,211.0,3.0,0.26
5.0,103.0,2.0,0.39
5.0,100.0,1.0,0.24
4.67,158.0,2.0,1.46
5.0,159.0,3.0,0.37
4.63,73.0,1.0,3.57
4.78,148.0,1.0,3.12
4.89,165.0,3.0,2.02
4.75,146.0,1.0,5.65
4.44,165.0,3.0,1.07
4.42,80.0,1.0,2.7
4.63,143.0,2.0,1.08
4.6,119.0,1.0,0.93
4.56,65.0,1.0,3.01
5.0,66.0,0.0,2.52
5.0,72.0,2.0,0.64
4.62,83.0,1.0,3.16
4.78,232.0,3.0,3.65
4.85,91.0,1.0,6.3
4.75,87.0,1.0,5.22
5.0,59.0,1.0,0.62
4.96,140.0,1.0,10.85
4.42,78.0,1.0,1.38
5.0,149.0,2.0,0.28
5.0,114.0,1.0,6.02
4.56,101.0,1.0,7.82
4.69,79.0,1.0,4.76
4.98,83.0,1.0,6.75
4.92,234.0,4.0,1.67
5.0,33.0,1.0,0.5
3.0,281.0,2.0,0.37
5.0,97.0,1.0,0.41
5.0,98.0,1.0,0.17
4.71,188.0,1.0,0.91
4.0,186.0,1.0,0.69
3.0,34.0,1.0,0.15
5.0,32.0,1.0,0.13
5.0,40.0,1.0,0.36
5.0,129.0,1.0,0.67
5.0,125.0,1.0,0.39
5.0,125.0,1.0,1.07
5.0,125.0,1.0,1.18
5.0,112.0,1.0,0.53
3.0,196.0,1.0,0.9
5.0,111.0,1.0,0.28
5.0,150.0,1.0,2.02
4.64,105.0,1.0,2.92
5.0,71.0,3.0,0.28
5.0,35.0,1.0,0.24
5.0,30.0,1.0,0.37
4.97,147.0,1.0,3.76
4.86,119.0,1.0,0.82
4.9,229.0,2.0,2.53
4.75,123.0,1.0,0.66
5.0,120.0,1.0,0.55
5.0,133.0,1.0,1.18
4.8,125.0,1.0,1.99
4.91,121.0,1.0,1.49
5.0,115.0,1.0,1.91
4.17,130.0,2.0,0.78
4.39,169.0,0.0,4.22
4.0,120.0,3.0,1.26
4.29,45.0,1.0,3.53
4.96,54.0,1.0,3.23
3.38,129.0,4.0,1.55
5.0,194.0,1.0,0.52
,88.0,1.0,
4.47,79.0,2.0,2.05
4.37,53.0,1.0,3.24
5.0,70.0,1.0,0.85
4.8,175.0,1.0,0.87
5.0,55.0,1.0,0.25
5.0,229.0,3.0,0.54
4.92,76.0,1.0,1.62
4.96,117.0,3.0,6.22
4.83,159.0,5.0,0.71
5.0,80.0,1.0,0.23
4.62,149.0,2.0,1.85
5.0,196.0,4.0,3.37
4.82,36.0,1.0,6.67
4.95,90.0,1.0,2.6
4.88,78.0,1.0,4.13
4.0,84.0,1.0,0.4
5.0,84.0,1.0,0.5
4.33,79.0,1.0,0.7
4.5,69.0,1.0,0.33
4.33,84.0,2.0,0.55
4.0,84.0,2.0,0.28
3.33,84.0,2.0,1.36
,84.0,2.0,
5.0,84.0,2.0,0.18
4.75,84.0,2.0,0.59
5.0,161.0,2.0,3.0
4.65,281.0,4.0,2.51
,44.0,1.0,
4.68,93.0,1.0,3.51
5.0,85.0,1.0,2.58
4.45,100.0,1.0,3.37
5.0,95.0,1.0,0.13
4.97,125.0,1.0,3.88
,144.0,1.0,
4.96,88.0,2.0,3.67
4.87,114.0,2.0,3.86
4.65,85.0,1.0,3.33
2.5,204.0,2.0,0.32
4.8,246.0,6.0,0.65
4.65,198.0,4.0,3.09
4.72,187.0,3.0,2.8
4.67,67.0,1.0,2.32
4.96,287.0,4.0,5.83
5.0,120.0,1.0,0.13
4.75,88.0,3.0,3.17
4.92,208.0,2.0,5.97
3.0,106.0,2.0,0.36
4.87,135.0,3.0,1.87
4.67,146.0,3.0,0.38
4.8,108.0,1.0,0.63
4.93,77.0,1.0,2.46
4.92,79.0,1.0,1.97
4.93,109.0,2.0,2.4
4.9,105.0,2.0,3.53
,125.0,1.0,
4.75,116.0,1.0,5.08
4.79,101.0,2.0,3.14
5.0,72.0,1.0,0.19
5.0,109.0,1.0,0.33
5.0,92.0,1.0,0.45
5.0,92.0,1.0,0.91
4.44,129.0,3.0,1.24
4.81,276.0,3.0,9.27
5.0,336.0,3.0,0.39
3.0,243.0,1.0,0.26
3.67,243.0,1.0,0.43
5.0,243.0,1.0,0.54
4.67,106.0,2.0,2.28
4.93,116.0,2.0,1.96
5.0,51.0,1.0,3.43
4.95,148.0,1.0,2.73
4.8,80.0,1.0,0.65
4.86,80.0,1.0,1.19
4.63,145.0,3.0,1.12
4.94,66.0,1.0,2.16
4.87,129.0,3.0,1.95
4.85,240.0,3.0,6.79
4.52,69.0,2.0,3.27
,84.0,1.0,
,99.0,2.0,
4.42,63.0,1.0,3.71
4.67,175.0,3.0,0.98
5.0,55.0,1.0,1.08
5.0,55.0,1.0,0.66
4.91,214.0,2.0,3.04
4.79,94.0,1.0,1.94
4.6,68.0,1.0,1.34
4.33,84.0,1.0,0.67
,68.0,2.0,
3.67,84.0,0.0,0.45
4.6,84.0,1.0,0.86
5.0,84.0,2.0,0.69
4.71,135.0,4.0,2.56
4.81,68.0,1.0,2.32
4.45,72.0,1.0,1.53
5.0,80.0,2.0,0.25
,95.0,1.0,
,117.0,2.0,
5.0,275.0,2.0,1.25
,180.0,2.0,
5.0,212.0,3.0,1.58
4.8,69.0,1.0,1.51
5.0,60.0,1.0,0.86
4.63,82.0,1.0,1.36
4.86,56.0,1.0,1.64
5.0,75.0,1.0,3.94
,65.0,1.0,
5.0,56.0,1.0,0.72
4.76,81.0,1.0,2.9
4.79,71.0,1.0,3.97
4.86,88.0,2.0,3.35
5.0,105.0,1.0,3.17
4.9,115.0,1.0,8.1
,90.0,1.0,
4.9,162.0,3.0,4.79
4.75,131.0,1.0,1.98
5.0,96.0,1.0,0.71
4.0,50.0,1.0,2.0
4.83,40.0,1.0,1.75
5.0,94.0,1.0,0.69
5.0,89.0,1.0,0.17
5.0,172.0,3.0,6.0
4.4,143.0,4.0,1.53
4.36,112.0,3.0,1.98
4.67,77.0,1.0,0.72
5.0,178.0,2.0,2.36
4.83,88.0,1.0,1.05
5.0,250.0,1.0,2.13
4.97,123.0,2.0,6.85
4.75,72.0,1.0,1.76
4.5,140.0,2.0,1.71
4.61,104.0,2.0,4.31
4.87,90.0,1.0,2.57
4.93,75.0,1.0,2.1
4.83,55.0,1.0,0.86
4.69,185.0,4.0,2.55
3.2,90.0,2.0,0.77
4.73,87.0,1.0,1.74
5.0,88.0,1.0,0.43
,104.0,2.0,
4.63,45.0,1.0,1.17
4.86,50.0,1.0,1.02
,159.0,1.0,
5.0,87.0,1.0,3.67
,170.0,1.0,
,170.0,1.0,
5.0,127.0,1.0,2.52
4.85,121.0,1.0,2.91
5.0,90.0,1.0,0.28
5.0,206.0,2.0,0.86
4.97,152.0,3.0,6.43
4.95,130.0,3.0,3.14
4.86,31.0,1.0,6.23
5.0,87.0,1.0,0.99
4.77,72.0,1.0,3.32
4.93,78.0,2.0,4.41
4.78,81.0,2.0,3.47
4.59,98.0,2.0,4.29
4.78,224.0,4.0,3.99
4.75,212.0,3.0,0.85
4.7,85.0,1.0,1.79
4.87,65.0,1.0,3.31
4.93,65.0,1.0,2.56
4.82,65.0,1.0,1.82
4.67,74.0,1.0,2.15
4.79,78.0,3.0,2.81
4.79,75.0,1.0,2.41
4.72,54.0,1.0,5.19
,179.0,2.0,
4.94,64.0,1.0,5.16
4.89,151.0,3.0,1.49
5.0,106.0,2.0,2.11
,40.0,1.0,
4.76,126.0,2.0,4.26
4.67,281.0,2.0,0.49
4.75,67.0,1.0,3.69
4.96,139.0,2.0,3.81
,117.0,1.0,
,60.0,1.0,
5.0,98.0,2.0,4.89
4.78,156.0,2.0,5.51
5.0,111.0,1.0,0.35
,108.0,1.0,
,76.0,1.0,
,107.0,1.0,
5.0,153.0,2.0,0.37
,167.0,2.0,
,126.0,2.0,
4.94,195.0,3.0,2.9
4.38,235.0,3.0,1.31
4.28,45.0,1.0,2.7
4.96,83.0,1.0,3.65
5.0,83.0,1.0,5.0
5.0,236.0,1.0,1.95
4.75,102.0,1.0,0.69
5.0,84.0,1.0,0.45
4.78,90.0,2.0,1.53
4.75,81.0,0.0,0.61
5.0,81.0,1.0,0.66
4.89,89.0,1.0,2.84
4.94,62.0,1.0,8.28
4.8,136.0,2.0,2.03
4.56,88.0,1.0,2.49
4.5,45.0,1.0,0.43
5.0,156.0,1.0,1.58
5.0,47.0,1.0,2.59
5.0,85.0,1.0,0.16
5.0,80.0,1.0,1.14
5.0,110.0,2.0,0.36
4.4,183.0,3.0,0.86
5.0,66.0,1.0,0.53
,39.0,1.0,
,193.0,4.0,
5.0,58.0,1.0,4.11
4.33,80.0,2.0,0.95
5.0,123.0,2.0,0.2
4.83,88.0,1.0,6.44
4.94,62.0,1.0,5.65
4.89,62.0,1.0,5.38
5.0,120.0,1.0,0.18
5.0,195.0,3.0,0.79
4.36,58.0,1.0,1.8
5.0,250.0,3.0,1.07
4.91,110.0,1.0,1.95
5.0,60.0,1.0,2.0
5.0,42.0,1.0,0.63
4.45,93.0,2.0,1.77
5.0,90.0,2.0,0.24
4.93,219.0,2.0,2.56
4.25,194.0,4.0,2.02
5.0,114.0,1.0,0.39
4.9,229.0,2.0,1.66
4.97,77.0,1.0,10.46
4.75,90.0,2.0,0.86
5.0,239.0,2.0,0.34
4.7,110.0,2.0,4.97
4.79,149.0,3.0,2.22
4.78,100.0,1.0,1.61
5.0,127.0,2.0,0.3
5.0,61.0,0.0,1.1
4.69,68.0,1.0,4.68
4.88,61.0,0.0,2.81
4.97,110.0,2.0,5.68
4.63,136.0,2.0,3.48
5.0,75.0,1.0,0.36
4.5,164.0,2.0,1.24
4.82,98.0,1.0,2.71
4.83,99.0,1.0,4.58
5.0,110.0,1.0,2.76
4.18,70.0,1.0,2.06
4.29,70.0,1.0,2.22
,240.0,4.0,
4.91,127.0,2.0,1.83
5.0,267.0,4.0,3.37
4.77,141.0,3.0,2.39
4.75,120.0,2.0,2.74
5.0,112.0,2.0,0.26
4.71,120.0,1.0,1.59
5.0,274.0,4.0,0.26
5.0,72.0,1.0,0.22
5.0,79.0,1.0,0.23
5.0,89.0,1.0,1.0
5.0,120.0,1.0,1.06
4.98,108.0,1.0,7.95
5.0,130.0,2.0,0.33
5.0,137.0,1.0,0.53
5.0,127.0,1.0,3.39
3.8,52.0,1.0,2.03
4.75,200.0,2.0,0.67
,250.0,3.0,
,80.0,1.0,
4.89,100.0,1.0,7.46
5.0,173.0,3.0,0.26
,238.0,1.0,
4.89,78.0,2.0,5.77
5.0,245.0,3.0,1.01
4.89,119.0,2.0,3.23
2.5,82.0,1.0,0.71
,160.0,1.0,
5.0,293.0,4.0,4.06
4.0,54.0,1.0,1.8
4.7,83.0,1.0,1.7
4.86,80.0,1.0,4.92
4.25,99.0,1.0,1.42
4.97,100.0,1.0,6.0
,68.0,1.0,
5.0,334.0,3.0,0.59
,68.0,1.0,
,100.0,2.0,
4.46,77.0,1.0,2.22
4.5,64.0,1.0,2.81
4.8,64.0,1.0,1.7
,274.0,4.0,
5.0,105.0,1.0,1.0
5.0,97.0,1.0,1.15
4.5,84.0,2.0,2.14
4.94,111.0,3.0,3.06
4.4,70.0,1.0,0.89
,60.0,1.0,
4.0,205.0,2.0,0.84
4.5,205.0,2.0,0.78
4.33,170.0,2.0,0.51
,50.0,1.0,
5.0,83.0,2.0,1.0
4.83,104.0,4.0,3.07
4.0,80.0,1.0,0.19
4.5,120.0,3.0,1.07
4.69,170.0,4.0,3.02
4.94,69.0,1.0,2.76
5.0,171.0,3.0,1.06
4.13,69.0,1.0,1.47
4.75,88.0,1.0,0.89
,239.0,3.0,
4.94,123.0,2.0,3.0
4.0,125.0,1.0,0.45
4.88,95.0,1.0,1.63
4.67,175.0,5.0,2.13
4.96,164.0,1.0,3.97
,115.0,1.0,
4.83,72.0,2.0,7.41
4.4,76.0,1.0,1.33
5.0,257.0,3.0,3.12
4.67,152.0,4.0,1.85
5.0,124.0,2.0,2.6
4.71,123.0,3.0,2.97
1.0,321.0,1.0,0.38
4.88,76.0,1.0,1.78
5.0,86.0,1.0,0.27
4.71,114.0,1.0,6.48
5.0,81.0,1.0,0.99
5.0,118.0,2.0,3.0
4.5,100.0,2.0,0.78
5.0,134.0,3.0,0.53
4.8,311.0,3.0,1.97
4.65,85.0,1.0,3.67
4.5,149.0,5.0,1.51
,77.0,1.0,
5.0,90.0,2.0,0.89
3.9,100.0,3.0,2.27
4.5,100.0,2.0,0.38
,35.0,1.0,
,110.0,1.0,
4.6,192.0,4.0,4.76
4.95,97.0,1.0,4.22
,72.0,1.0,
5.0,69.0,1.0,0.61
4.67,122.0,1.0,0.57
5.0,188.0,3.0,1.79
4.95,153.0,4.0,4.09
5.0,82.0,1.0,1.14
4.94,132.0,4.0,3.25
4.69,65.0,1.0,2.42
4.57,200.0,3.0,1.36
5.0,95.0,1.0,0.46
5.0,139.0,2.0,2.05
4.88,153.0,4.0,5.34
4.0,125.0,3.0,0.9
5.0,75.0,1.0,0.73
4.8,205.0,2.0,1.11
5.0,83.0,1.0,0.57
5.0,81.0,1.0,0.46
,80.0,1.0,
5.0,79.0,1.0,0.54
5.0,89.0,1.0,1.0
5.0,79.0,1.0,0.79
5.0,79.0,1.0,0.53
5.0,79.0,1.0,0.23
,67.0,1.0,
5.0,250.0,4.0,0.2
4.4,54.0,1.0,3.87
,47.0,1.0,
5.0,125.0,1.0,2.77
4.73,55.0,1.0,3.04
5.0,120.0,1.0,1.13
,160.0,2.0,
5.0,54.0,1.0,2.14
4.67,82.0,1.0,0.66
5.0,42.0,1.0,8.49
4.6,147.0,3.0,1.16
4.8,46.0,1.0,2.87
4.9,120.0,1.0,9.48
4.13,125.0,3.0,2.24
,260.0,3.0,
,199.0,2.0,
4.89,54.0,1.0,5.26
4.85,54.0,1.0,2.52
,77.0,1.0,
5.0,100.0,2.0,0.25
4.94,67.0,1.0,5.96
4.87,70.0,1.0,5.96
2.67,98.0,2.0,0.64
4.5,108.0,1.0,1.18
4.75,167.0,2.0,0.94
5.0,229.0,3.0,1.82
,68.0,1.0,
5.0,106.0,1.0,0.8
,80.0,1.0,
4.71,149.0,3.0,1.43
4.75,121.0,1.0,0.8
5.0,142.0,1.0,0.9
,95.0,1.0,
5.0,123.0,2.0,1.14
5.0,122.0,2.0,1.0
4.85,111.0,1.0,9.39
5.0,200.0,2.0,2.27
5.0,249.0,3.0,1.2
5.0,109.0,2.0,4.66
4.94,116.0,1.0,10.27
4.77,156.0,3.0,5.34
5.0,117.0,1.0,2.84
5.0,76.0,1.0,1.28
,123.0,2.0,
,93.0,1.0,
,120.0,1.0,
,79.0,1.0,
3.67,81.0,1.0,1.48
4.72,80.0,2.0,5.88
5.0,55.0,1.0,0.46
4.53,78.0,1.0,3.49
5.0,105.0,1.0,0.53
5.0,41.0,1.0,0.45
,47.0,1.0,
,75.0,1.0,
,43.0,1.0,
4.67,101.0,1.0,0.84
,139.0,1.0,
5.0,123.0,2.0,1.8
,301.0,4.0,
,200.0,1.0,
4.78,70.0,1.0,1.81
4.5,84.0,1.0,0.61
3.88,40.0,1.0,1.76
4.71,39.0,1.0,1.76
4.8,60.0,1.0,1.01
5.0,65.0,1.0,1.49
5.0,90.0,1.0,2.16
5.0,65.0,1.0,0.81
5.0,135.0,1.0,0.45
4.85,174.0,3.0,2.83
1.8,35.0,1.0,1.1
2.86,38.0,1.0,1.57
4.67,70.0,1.0,3.67
3.5,52.0,1.0,0.44
4.0,88.0,1.0,1.4
3.0,84.0,1.0,0.33
3.2,69.0,1.0,1.19
2.0,56.0,1.0,0.26
3.0,70.0,1.0,0.42
4.8,85.0,2.0,1.43
3.0,80.0,1.0,0.66
4.29,85.0,1.0,1.49
4.33,85.0,1.0,1.29
5.0,72.0,1.0,6.67
4.84,140.0,1.0,4.25
2.83,104.0,2.0,1.7
4.71,88.0,1.0,7.45
4.31,101.0,3.0,3.45
,140.0,3.0,
4.11,94.0,1.0,2.05
4.63,138.0,4.0,4.45
4.17,135.0,0.0,3.83
4.46,133.0,4.0,3.2
4.8,99.0,2.0,4.25
5.0,175.0,1.0,0.45
4.82,88.0,1.0,3.37
4.33,69.0,0.0,2.13
4.86,156.0,2.0,2.04
4.67,79.0,1.0,0.68
5.0,79.0,1.0,0.64
,129.0,1.0,
,165.0,3.0,
5.0,45.0,0.0,0.7
4.62,66.0,1.0,2.85
,330.0,1.0,
,330.0,1.0,
3.6,293.0,1.0,1.92
5.0,293.0,1.0,1.0
4.7,170.0,3.0,2.22
5.0,200.0,3.0,1.61
,180.0,2.0,
4.0,45.0,1.0,0.7
4.62,78.0,1.0,2.87
,76.0,1.0,
4.6,75.0,1.0,1.39
4.96,79.0,0.0,5.74
5.0,63.0,1.0,3.61
4.93,115.0,1.0,6.04
4.92,99.0,1.0,2.75
5.0,114.0,1.0,0.46
5.0,149.0,1.0,12.3
4.6,138.0,2.0,1.18
4.65,89.0,2.0,5.23
4.4,68.0,1.0,1.25
4.88,55.0,1.0,1.82
4.91,70.0,1.0,4.96
4.71,92.0,2.0,2.92
,108.0,1.0,
5.0,68.0,1.0,0.89
4.82,65.0,1.0,2.48
3.0,85.0,1.0,0.28
,98.0,1.0,
4.14,80.0,2.0,1.54
4.92,98.0,1.0,2.86
5.0,180.0,2.0,3.23
,225.0,2.0,
4.75,60.0,1.0,4.58
4.38,191.0,6.0,1.82
4.86,169.0,2.0,6.36
5.0,81.0,1.0,1.61
4.8,81.0,1.0,2.5
4.62,81.0,1.0,2.98
4.9,85.0,2.0,5.04
5.0,85.0,1.0,2.25
4.0,36.0,1.0,1.38
4.33,81.0,1.0,2.14
,200.0,4.0,
,167.0,2.0,
4.0,100.0,2.0,0.27
4.44,114.0,1.0,2.05
,50.0,1.0,
4.88,105.0,1.0,2.4
4.85,95.0,1.0,3.22
4.64,263.0,3.0,2.8
5.0,85.0,1.0,2.48
4.43,81.0,1.0,1.67
4.38,81.0,1.0,2.11
4.56,109.0,2.0,4.03
2.5,43.0,1.0,0.47
5.0,69.0,1.0,0.45
5.0,180.0,3.0,2.5
4.97,133.0,1.0,8.51
,131.0,1.0,
4.87,189.0,4.0,3.38
,212.0,2.0,
4.88,118.0,1.0,4.18
4.96,121.0,1.0,5.54
,300.0,1.0,
,39.0,1.0,
4.0,120.0,4.0,0.36
,95.0,1.0,
4.29,163.0,4.0,2.0
4.31,112.0,2.0,3.61
5.0,165.0,3.0,2.52
4.75,164.0,1.0,3.69
4.84,108.0,1.0,7.5
4.93,264.0,3.0,6.41
,88.0,0.0,
4.5,107.0,1.0,3.8
3.6,131.0,1.0,1.44
,65.0,1.0,
,60.0,1.0,
,108.0,1.0,
4.94,99.0,1.0,3.81
,35.0,1.0,
,336.0,1.0,
3.0,123.0,3.0,0.46
5.0,138.0,1.0,0.5
5.0,99.0,1.0,1.13
5.0,140.0,2.0,6.0
4.8,317.0,4.0,1.65
5.0,143.0,2.0,1.89
,90.0,1.0,
4.88,134.0,2.0,4.0
,210.0,1.0,
5.0,116.0,2.0,2.44
3.0,100.0,2.0,0.47
5.0,140.0,1.0,0.33
4.0,142.0,3.0,0.65
4.6,80.0,1.0,5.91
,301.0,5.0,
4.4,119.0,1.0,1.43
5.0,102.0,1.0,1.18
5.0,102.0,1.0,1.74
5.0,84.0,1.0,2.02
5.0,67.0,1.0,1.0
4.5,78.0,1.0,1.89
4.27,43.0,1.0,4.02
4.67,79.0,1.0,3.75
4.56,78.0,1.0,2.25
5.0,59.0,1.0,0.49
,302.0,8.0,
5.0,126.0,2.0,3.18
5.0,314.0,3.0,0.54
5.0,110.0,1.0,0.29
4.67,100.0,1.0,4.54
5.0,134.0,1.0,9.0
,152.0,3.0,
5.0,74.0,1.0,3.18
5.0,83.0,1.0,3.28
4.0,84.0,1.0,0.64
4.9,241.0,3.0,2.52
3.71,97.0,4.0,1.76
4.93,70.0,1.0,6.98
4.8,82.0,1.0,1.61
5.0,60.0,1.0,0.8
5.0,92.0,1.0,0.3
4.64,100.0,1.0,8.25
,258.0,3.0,
4.67,115.0,1.0,1.76
5.0,110.0,2.0,1.0
3.0,101.0,2.0,0.92
4.2,101.0,1.0,1.76
3.25,101.0,2.0,1.07
4.5,101.0,1.0,1.08
5.0,229.0,3.0,0.71
4.75,85.0,2.0,1.12
,56.0,1.0,
5.0,60.0,1.0,0.7
4.0,119.0,3.0,1.07
4.67,144.0,1.0,3.0
5.0,193.0,3.0,0.94
5.0,70.0,1.0,0.57
4.59,104.0,1.0,4.21
,91.0,1.0,
4.5,149.0,3.0,1.07
5.0,73.0,1.0,0.66
4.88,299.0,3.0,0.61
4.63,64.0,1.0,2.35
5.0,68.0,1.0,2.35
5.0,78.0,1.0,0.26
4.5,66.0,1.0,1.96
4.8,195.0,1.0,4.05
5.0,88.0,1.0,0.5
4.29,110.0,1.0,2.0
5.0,216.0,4.0,2.23
4.44,198.0,3.0,2.78
5.0,84.0,1.0,0.36
5.0,275.0,2.0,2.12
4.14,66.0,1.0,1.88
5.0,100.0,2.0,0.33
4.2,75.0,1.0,1.26
,80.0,1.0,
5.0,49.0,1.0,3.0
5.0,39.0,1.0,1.0
5.0,39.0,1.0,0.81
5.0,118.0,2.0,0.59
,145.0,2.0,
4.33,82.0,2.0,0.99
2.0,63.0,1.0,0.32
,43.0,1.0,
,42.0,1.0,
4.57,113.0,1.0,1.86
5.0,120.0,0.0,1.18
,82.0,1.0,
,86.0,1.0,
,107.0,1.0,
,82.0,1.0,
,80.0,0.0,
,81.0,0.0,
1.0,85.0,0.0,0.38
,85.0,0.0,
,120.0,1.0,
4.85,125.0,2.0,3.61
4.58,84.0,1.0,3.43
4.2,49.0,1.0,1.36
4.56,93.0,1.0,4.25
5.0,130.0,2.0,1.93
4.64,150.0,1.0,3.96
4.77,91.0,1.0,7.96
3.0,36.0,1.0,1.36
,200.0,1.0,
,100.0,1.0,
4.0,36.0,1.0,1.43
3.0,36.0,1.0,0.38
,36.0,1.0,
5.0,35.0,1.0,0.81
3.0,98.0,3.0,0.71
4.91,124.0,2.0,4.58
4.6,179.0,2.0,7.69
5.0,277.0,3.0,4.59
5.0,217.0,4.0,2.41
,107.0,1.0,
5.0,249.0,4.0,0.99
4.67,81.0,1.0,3.38
5.0,45.0,1.0,1.0
4.0,145.0,2.0,0.33
,91.0,1.0,
4.0,98.0,1.0,0.56
,39.0,1.0,
4.5,175.0,1.0,2.86
4.54,103.0,4.0,4.81
5.0,125.0,1.0,1.0
5.0,200.0,1.0,3.0
4.0,84.0,1.0,1.74
,95.0,1.0,
5.0,158.0,2.0,3.43
4.95,124.0,3.0,5.45
,225.0,3.0,
4.87,122.0,2.0,9.03
5.0,96.0,1.0,0.62
4.88,89.0,1.0,3.69
,130.0,2.0,
4.9,212.0,4.0,2.86
4.86,125.0,1.0,2.5
5.0,65.0,1.0,0.32
3.0,72.0,1.0,0.47
4.5,243.0,4.0,3.19
5.0,146.0,3.0,3.71
4.0,86.0,2.0,2.4
4.83,228.0,4.0,4.34
,117.0,3.0,
5.0,223.0,2.0,1.0
4.8,264.0,4.0,1.65
5.0,176.0,3.0,1.27
4.95,140.0,2.0,5.38
5.0,71.0,1.0,1.88
4.93,117.0,1.0,4.59
4.0,119.0,1.0,1.19
3.67,82.0,1.0,0.99
4.25,78.0,1.0,4.29
4.86,81.0,1.0,5.12
5.0,115.0,1.0,1.13
5.0,170.0,3.0,0.38
4.29,39.0,1.0,2.5
4.6,129.0,4.0,3.06
3.6,129.0,1.0,1.76
4.8,81.0,2.0,1.43
4.4,80.0,2.0,1.79
,177.0,3.0,
5.0,146.0,3.0,3.23
5.0,111.0,1.0,9.39
4.8,127.0,2.0,2.38
5.0,87.0,2.0,1.72
,87.0,1.0,
4.83,102.0,1.0,3.75
4.38,194.0,3.0,2.5
,214.0,4.0,
5.0,275.0,2.0,0.94
5.0,89.0,1.0,3.33
4.91,311.0,4.0,3.63
4.57,95.0,1.0,4.67
4.83,132.0,4.0,2.17
,58.0,1.0,
4.75,162.0,3.0,2.14
4.89,79.0,1.0,2.7
5.0,68.0,2.0,0.88
4.83,110.0,2.0,2.0
4.89,145.0,2.0,2.73
,190.0,2.0,
,194.0,3.0,
,104.0,2.0,
4.8,57.0,1.0,3.09
,75.0,1.0,
3.0,75.0,1.0,1.2
4.92,153.0,3.0,5.06
,135.0,2.0,
4.83,162.0,5.0,2.65
5.0,85.0,1.0,6.38
4.75,27.0,1.0,1.76
4.5,155.0,2.0,1.98
5.0,40.0,1.0,0.68
4.75,186.0,3.0,3.24
,275.0,3.0,
4.8,326.0,5.0,1.65
4.75,134.0,2.0,1.26
5.0,85.0,1.0,1.0
5.0,139.0,1.0,3.59
5.0,198.0,3.0,1.0
,111.0,2.0,
3.0,50.0,1.0,1.33
,55.0,1.0,
4.14,72.0,1.0,2.31
3.0,104.0,2.0,2.46
3.5,83.0,2.0,1.3
5.0,90.0,1.0,5.51
4.7,76.0,2.0,3.57
,265.0,3.0,
5.0,92.0,2.0,2.0
5.0,85.0,2.0,2.63
5.0,73.0,1.0,1.0
4.7,63.0,1.0,3.33
4.85,54.0,1.0,4.29
4.0,50.0,1.0,1.43
4.83,22.0,1.0,2.47
5.0,229.0,3.0,1.0
4.0,120.0,3.0,1.5
4.88,89.0,1.0,12.0
5.0,127.0,1.0,4.34
,82.0,0.0,
,71.0,0.0,
,41.0,1.0,
4.8,104.0,3.0,1.81
4.8,89.0,1.0,2.24
4.88,143.0,2.0,3.64
4.83,82.0,1.0,8.44
4.92,79.0,1.0,12.58
4.79,100.0,2.0,9.19
4.69,105.0,2.0,7.16
4.89,121.0,1.0,4.29
5.0,96.0,1.0,3.18
5.0,93.0,1.0,1.06
5.0,85.0,0.0,2.07
4.89,174.0,3.0,3.8
4.33,35.0,1.0,2.05
5.0,147.0,3.0,2.73
4.88,94.0,1.0,5.78
4.92,167.0,3.0,4.94
4.92,102.0,2.0,5.49
,100.0,1.0,
,84.0,1.0,
4.2,81.0,2.0,1.76
,150.0,1.0,
5.0,173.0,2.0,6.48
,196.0,1.0,
5.0,89.0,1.0,1.79
,61.0,1.0,
5.0,90.0,2.0,0.83
,200.0,1.0,
4.0,77.0,2.0,0.73
4.75,243.0,2.0,1.54
5.0,210.0,3.0,0.68
4.7,90.0,2.0,3.9
4.67,104.0,2.0,1.3
4.43,87.0,2.0,2.53
,85.0,1.0,
,314.0,3.0,
,70.0,3.0,
,120.0,2.0,
,55.0,1.0,
4.89,142.0,2.0,3.86
4.0,72.0,1.0,1.97
1.0,134.0,1.0,0.38
,140.0,1.0,
5.0,76.0,1.0,0.64
,240.0,3.0,
5.0,73.0,1.0,2.77
4.25,73.0,1.0,3.16
4.8,72.0,1.0,2.08
4.5,197.0,4.0,1.5
4.73,81.0,1.0,4.23
5.0,77.0,2.0,1.43
5.0,77.0,2.0,2.0
5.0,36.0,1.0,1.0
4.0,53.0,1.0,1.5
5.0,105.0,1.0,1.0
4.8,206.0,3.0,7.63
5.0,136.0,1.0,1.0
5.0,77.0,1.0,0.45
,132.0,2.0,
3.4,94.0,1.0,1.88
4.86,73.0,1.0,2.63
4.5,60.0,1.0,0.79
5.0,60.0,1.0,0.91
4.5,63.0,1.0,1.62
,63.0,1.0,
5.0,59.0,1.0,0.43
,85.0,2.0,
,79.0,1.0,
,133.0,3.0,
4.91,225.0,4.0,1.4
5.0,229.0,3.0,0.86
5.0,165.0,2.0,6.0
4.5,77.0,2.0,0.95
5.0,138.0,2.0,0.56
,54.0,1.0,
4.2,105.0,2.0,2.05
4.88,172.0,2.0,3.12
4.67,159.0,2.0,2.61
5.0,32.0,1.0,1.0
5.0,216.0,3.0,1.27
4.83,90.0,1.0,2.57
,76.0,1.0,
5.0,150.0,2.0,1.0
,106.0,2.0,
,74.0,0.0,
5.0,68.0,1.0,1.27
5.0,134.0,1.0,6.32
5.0,137.0,1.0,4.23
,247.0,2.0,
3.0,77.0,3.0,1.62
4.57,125.0,1.0,2.96
4.75,164.0,2.0,1.69
5.0,129.0,2.0,4.23
,80.0,5.0,
4.8,254.0,3.0,2.63
4.5,204.0,4.0,1.9
4.43,56.0,1.0,4.88
,88.0,2.0,
,49.0,0.0,
5.0,90.0,1.0,1.0
5.0,152.0,2.0,0.58
,35.0,1.0,
4.67,170.0,3.0,2.5
,75.0,1.0,
,234.0,4.0,
5.0,109.0,1.0,2.0
4.5,119.0,1.0,0.85
,75.0,1.0,
,228.0,2.0,
3.2,98.0,1.0,2.68
5.0,83.0,1.0,1.0
5.0,95.0,1.0,3.28
3.0,99.0,1.0,1.0
3.67,53.0,1.0,1.53
5.0,177.0,2.0,0.54
4.13,53.0,1.0,3.38
,103.0,4.0,
4.89,100.0,2.0,4.29
1.0,64.0,1.0,0.79
2.5,53.0,1.0,2.0
3.0,56.0,1.0,2.61
4.67,307.0,4.0,1.43
,106.0,0.0,
5.0,93.0,1.0,3.93
4.75,85.0,1.0,3.58
5.0,50.0,1.0,6.0
5.0,61.0,0.0,3.44
5.0,61.0,0.0,1.41
,129.0,2.0,
5.0,38.0,1.0,1.9
4.71,110.0,3.0,3.28
5.0,93.0,1.0,0.95
4.5,93.0,1.0,1.9
5.0,70.0,1.0,5.0
,20.0,,
,281.0,2.0,
,91.0,2.0,
,176.0,3.0,
3.5,95.0,1.0,1.76
5.0,143.0,1.0,10.48
4.64,88.0,1.0,5.24
3.0,88.0,1.0,2.68
,168.0,3.0,
4.5,120.0,2.0,1.3
,20.0,1.0,
1.0,85.0,1.0,0.83
5.0,140.0,1.0,0.73
5.0,188.0,4.0,6.0
4.0,145.0,2.0,1.0
,75.0,1.0,
,90.0,1.0,
4.91,92.0,2.0,5.89
5.0,50.0,1.0,1.58
5.0,50.0,1.0,3.21
,69.0,1.0,
4.75,85.0,1.0,1.88
,126.0,1.0,
1.0,80.0,1.0,1.0
3.5,61.0,1.0,2.0
5.0,74.0,1.0,1.0
5.0,212.0,3.0,1.0
5.0,129.0,4.0,6.23
5.0,291.0,3.0,5.71
5.0,89.0,1.0,4.0
5.0,99.0,1.0,1.0
5.0,100.0,1.0,1.07
3.75,35.0,1.0,4.0
5.0,106.0,1.0,8.37
5.0,125.0,1.0,1.07
,176.0,2.0,
,300.0,6.0,
4.3,51.0,1.0,5.26
4.64,78.0,3.0,6.0
4.64,88.0,2.0,5.59
5.0,102.0,2.0,2.0
5.0,235.0,3.0,1.67
5.0,49.0,2.0,2.11
,75.0,1.0,
5.0,133.0,1.0,4.0
4.6,67.0,2.0,3.0
4.27,55.0,2.0,5.69
4.13,49.0,2.0,4.36
,287.0,5.0,
5.0,115.0,1.0,1.0
4.86,75.0,3.0,4.67
4.78,77.0,2.0,4.74
3.67,50.0,2.0,4.0
5.0,120.0,1.0,1.0
2.0,60.0,1.0,2.81
4.5,68.0,1.0,1.07
4.5,165.0,3.0,2.0
,153.0,1.0,
4.5,78.0,3.0,1.82
4.4,81.0,3.0,3.0
4.71,57.0,1.0,3.56
,41.0,1.0,
4.88,59.0,1.0,4.8
4.0,40.0,1.0,0.55
5.0,53.0,1.0,5.11
4.8,73.0,2.0,3.0
4.5,74.0,3.0,1.43
4.5,78.0,3.0,3.1
5.0,149.0,1.0,0.7
5.0,48.0,1.0,1.33
4.08,47.0,1.0,6.21
5.0,52.0,2.0,3.0
4.5,59.0,1.0,2.22
5.0,51.0,1.0,1.67
4.88,53.0,2.0,4.29
4.71,82.0,3.0,3.68
4.83,56.0,2.0,3.16
4.93,173.0,3.0,7.5
5.0,88.0,1.0,1.18
4.83,115.0,2.0,3.75
4.5,43.0,1.0,4.53
4.43,52.0,2.0,3.68
3.6,54.0,2.0,3.13
4.43,46.0,1.0,3.62
3.4,41.0,1.0,2.83
3.75,53.0,2.0,2.14
4.33,47.0,1.0,2.05
4.5,110.0,3.0,2.4
5.0,82.0,1.0,6.43
4.5,45.0,1.0,2.5
4.43,43.0,1.0,3.68
4.6,41.0,1.0,2.73
4.17,64.0,2.0,3.33
4.75,60.0,2.0,4.62
4.14,68.0,2.0,3.96
4.4,54.0,2.0,3.85
4.0,99.0,1.0,2.79
4.33,58.0,2.0,3.46
5.0,117.0,1.0,5.45
5.0,61.0,1.0,4.62
4.5,52.0,1.0,2.14
4.13,49.0,2.0,5.45
4.33,75.0,3.0,1.61
4.4,53.0,2.0,2.88
5.0,47.0,1.0,3.16
5.0,54.0,2.0,1.71
5.0,66.0,2.0,4.57
5.0,65.0,2.0,2.88
5.0,54.0,2.0,2.0
4.57,55.0,2.0,4.12
3.4,57.0,2.0,2.78
4.25,71.0,3.0,4.0
4.33,52.0,1.0,1.73
4.5,57.0,2.0,2.73
5.0,56.0,2.0,2.09
4.82,50.0,2.0,6.0
5.0,120.0,1.0,3.46
5.0,210.0,3.0,2.14
4.0,150.0,1.0,1.96
5.0,111.0,2.0,1.0
4.14,105.0,1.0,3.68
4.4,72.0,3.0,3.33
4.83,48.0,2.0,3.53
5.0,57.0,2.0,3.21
4.71,46.0,1.0,4.12
4.5,51.0,2.0,2.31
3.6,45.0,1.0,3.33
4.75,67.0,2.0,2.93
4.33,71.0,1.0,3.67
4.0,56.0,2.0,6.11
5.0,78.0,3.0,1.2
4.5,71.0,3.0,2.35
5.0,72.0,3.0,1.8
5.0,59.0,2.0,3.27
5.0,65.0,2.0,3.0
5.0,75.0,3.0,3.0
5.0,93.0,3.0,3.06
4.6,50.0,2.0,3.19
1.0,103.0,1.0,1.0
3.8,74.0,2.0,3.06
4.33,75.0,3.0,5.51
2.4,61.0,2.0,3.41
5.0,65.0,2.0,1.88
5.0,42.0,1.0,0.65
4.29,47.0,1.0,4.67
4.8,57.0,1.0,3.13
4.7,46.0,1.0,6.38
5.0,74.0,1.0,1.73
4.71,72.0,3.0,4.2
5.0,56.0,1.0,4.04
4.44,45.0,1.0,5.74
,174.0,2.0,
3.67,57.0,2.0,4.39
5.0,62.0,2.0,2.37
,71.0,1.0,
4.33,50.0,2.0,3.0
4.57,49.0,1.0,4.47
4.0,45.0,1.0,1.2
4.82,58.0,2.0,6.47
4.7,48.0,1.0,6.67
4.73,48.0,1.0,6.47
4.67,50.0,1.0,2.25
5.0,82.0,3.0,1.18
4.38,77.0,3.0,5.33
4.25,67.0,2.0,2.93
5.0,76.0,2.0,2.45
4.67,66.0,2.0,3.75
4.67,63.0,2.0,3.6
4.22,61.0,2.0,5.29
5.0,79.0,2.0,0.68
4.87,142.0,1.0,9.18
5.0,96.0,1.0,6.12
4.25,64.0,1.0,2.26
5.0,69.0,1.0,1.25
5.0,76.0,1.0,2.4
5.0,69.0,1.0,1.62
4.33,69.0,1.0,1.96
5.0,99.0,2.0,5.19
4.71,51.0,1.0,5.83
4.33,60.0,1.0,3.6
,130.0,2.0,
4.0,89.0,1.0,1.0
4.43,44.0,1.0,4.57
,56.0,1.0,
5.0,59.0,1.0,3.16
5.0,69.0,2.0,4.38
4.86,44.0,1.0,4.57
4.67,55.0,2.0,5.09
3.5,49.0,2.0,2.79
3.5,72.0,3.0,2.4
5.0,71.0,3.0,2.25
4.67,75.0,3.0,1.84
,77.0,2.0,
4.83,65.0,2.0,3.6
4.0,66.0,2.0,2.25
4.5,92.0,2.0,3.67
,116.0,1.0,
5.0,73.0,2.0,1.96
4.83,68.0,2.0,3.6
4.25,74.0,2.0,2.55
5.0,67.0,2.0,3.85
4.86,64.0,2.0,4.2
5.0,251.0,3.0,3.24
5.0,82.0,2.0,3.26
,101.0,2.0,
4.6,89.0,1.0,3.06
5.0,47.0,1.0,3.0
,135.0,2.0,
,202.0,2.0,
,144.0,3.0,
,86.0,0.0,
4.75,120.0,1.0,5.11
5.0,143.0,4.0,1.0
5.0,117.0,2.0,5.83
5.0,103.0,2.0,1.0
5.0,125.0,2.0,4.38
5.0,100.0,1.0,3.13
,121.0,1.0,
,228.0,0.0,
,142.0,0.0,
5.0,175.0,1.0,2.45
4.33,314.0,3.0,2.09
,106.0,2.0,
,82.0,1.0,
4.86,98.0,2.0,4.88
5.0,160.0,1.0,2.31
,48.0,0.0,
,174.0,4.0,
5.0,70.0,1.0,2.05
5.0,150.0,3.0,1.46
,225.0,4.0,
5.0,73.0,1.0,2.43
4.83,73.0,1.0,4.62
4.67,72.0,1.0,4.74
4.0,73.0,1.0,4.09
5.0,73.0,1.0,1.0
5.0,122.0,1.0,1.0
5.0,141.0,0.0,4.88
,85.0,1.0,
5.0,96.0,2.0,1.0
2.5,104.0,2.0,1.67
,34.0,1.0,
4.86,104.0,2.0,4.88
,175.0,3.0,
,30.0,1.0,
5.0,118.0,2.0,3.0
5.0,96.0,1.0,4.0
5.0,106.0,1.0,2.73
,175.0,3.0,
5.0,180.0,4.0,1.36
,192.0,5.0,
,60.0,1.0,
,65.0,1.0,
5.0,118.0,2.0,3.49
4.5,115.0,2.0,1.82
5.0,80.0,1.0,5.12
5.0,113.0,2.0,1.54
5.0,89.0,2.0,2.86
5.0,95.0,2.0,3.0
4.5,45.0,1.0,2.93
5.0,39.0,1.0,2.57
,80.0,1.0,
5.0,99.0,1.0,2.93
5.0,102.0,1.0,2.5
,152.0,4.0,
5.0,161.0,3.0,3.0
5.0,150.0,3.0,3.0
,222.0,3.0,
4.33,86.0,2.0,2.73
5.0,50.0,1.0,5.0
5.0,102.0,2.0,1.0
4.88,115.0,2.0,6.86
5.0,112.0,2.0,1.0
5.0,60.0,1.0,1.0
5.0,110.0,1.0,3.0
,159.0,0.0,
4.5,104.0,2.0,1.58
5.0,123.0,0.0,4.29
5.0,122.0,0.0,5.14
5.0,265.0,3.0,2.0
4.5,104.0,1.0,1.58
5.0,40.0,1.0,1.87
,120.0,3.0,
4.5,144.0,3.0,3.43
,90.0,1.0,
,47.0,1.0,
4.89,91.0,1.0,9.0
,267.0,5.0,
5.0,169.0,5.0,2.81
,104.0,2.0,
5.0,80.0,1.0,1.87
,147.0,1.0,
5.0,80.0,1.0,4.0
,144.0,1.0,
5.0,80.0,2.0,2.0
,79.0,1.0,
4.75,113.0,0.0,3.33
,34.0,3.0,
,195.0,2.0,
,79.0,3.0,
,82.0,2.0,
5.0,82.0,2.0,1.87
,100.0,1.0,
4.2,88.0,1.0,4.17
,144.0,3.0,
,230.0,1.0,
,73.0,1.0,
3.33,73.0,1.0,3.0
5.0,90.0,1.0,3.0
,63.0,1.0,
,148.0,1.0,
5.0,105.0,1.0,3.0
4.0,104.0,2.0,1.0
5.0,80.0,1.0,2.81
5.0,161.0,3.0,6.18
5.0,104.0,2.0,1.0
,169.0,3.0,
1.0,70.0,2.0,1.0
5.0,85.0,1.0,3.0
,79.0,1.0,
5.0,164.0,2.0,2.0
5.0,187.0,4.0,1.0
,91.0,1.0,
,70.0,1.0,
,162.0,3.0,
2.0,88.0,1.0,2.0
5.0,164.0,4.0,6.0
5.0,79.0,1.0,3.0
5.0,87.0,1.0,2.0
5.0,150.0,4.0,1.0
4.67,77.0,1.0,3.0
5.0,78.0,1.0,3.0
,78.0,1.0,
5.0,104.0,2.0,3.0
,90.0,1.0,
,164.0,2.0,
5.0,172.0,3.0,1.0
5.0,81.0,1.0,5.0
5.0,79.0,1.0,6.0
4.75,104.0,2.0,8.0
5.0,121.0,2.0,1.0
5.0,146.0,3.0,4.0
3.67,113.0,1.0,3.0
5.0,36.0,1.0,3.0
4.86,130.0,1.0,7.0
4.2,164.0,1.0,5.0
,85.0,1.0,
,50.0,1.0,
5.0,78.0,1.0,3.0
5.0,108.0,1.0,1.0
,180.0,1.0,
5.0,73.0,1.0,1.0
,73.0,1.0,
5.0,130.0,3.0,4.0
,96.0,1.0,
4.0,77.0,1.0,1.0
3.8,47.0,1.0,5.0
5.0,27.0,1.0,2.0
5.0,27.0,1.0,1.0
5.0,27.0,1.0,1.0
5.0,50.0,1.0,2.0
,139.0,1.0,
,27.0,1.0,
5.0,27.0,1.0,1.0
3.0,27.0,1.0,2.0
,27.0,1.0,
5.0,114.0,0.0,2.0
5.0,103.0,0.0,1.0
5.0,42.0,1.0,1.0
,53.0,1.0,
,124.0,1.0,
5.0,141.0,1.0,7.0
5.0,85.0,1.0,1.0
,279.0,3.0,
,95.0,1.0,
,62.0,1.0,
,87.0,2.0,
,95.0,1.0,
,104.0,3.0,
,128.0,3.0,
,122.0,3.0,
5.0,119.0,1.0,1.0
4.8,50.0,2.0,5.0
,162.0,1.0,
,179.0,1.0,
,239.0,4.0,
,119.0,1.0,
,73.0,1.0,
,100.0,1.0,
4.86,144.0,1.0,7.0
,81.0,1.0,
5.0,77.0,1.0,1.0
,120.0,4.0,
,100.0,1.0,
,90.0,1.0,
,90.0,1.0,
1.0,90.0,1.0,1.0
,200.0,1.0,
5.0,320.0,4.0,1.0
,89.0,1.0,
5.0,124.0,2.0,2.0
5.0,105.0,1.0,3.0
,86.0,2.0,
5.0,42.0,1.0,1.0
5.0,115.0,1.0,1.0
3.67,117.0,1.0,3.0
,49.0,1.0,
,78.0,2.0,
,284.0,3.0,
,100.0,3.0,
,67.0,1.0,
,91.0,1.0,
,283.0,3.0,
,106.0,3.0,
,60.0,1.0,
5.0,64.0,1.0,1.0
,143.0,4.0,
5.0,102.0,1.0,1.0
,130.0,1.0,
5.0,93.0,1.0,9.0
,88.0,1.0,
,88.0,1.0,
,185.0,3.0,
,70.0,1.0,
,62.0,1.0,
,254.0,3.0,
,69.0,1.0,
5.0,60.0,1.0,2.0
,82.0,4.0,
5.0,100.0,1.0,1.0
,57.0,1.0,
,38.0,1.0,
5.0,75.0,1.0,1.0
5.0,173.0,3.0,2.0
5.0,104.0,2.0,1.0
,67.0,2.0,
,205.0,3.0,
,112.0,2.0,
,57.0,1.0,
,101.0,1.0,
,97.0,2.0,
,83.0,1.0,
,97.0,2.0,
,97.0,2.0,
,97.0,2.0,
,97.0,2.0,
,97.0,2.0,
,97.0,2.0,
,96.0,2.0,
,97.0,2.0,
,97.0,2.0,
5.0,29.0,1.0,1.0
,65.0,1.0,
,166.0,1.0,
,49.0,1.0,
,159.0,1.0,
,125.0,2.0,
,76.0,1.0,
,83.0,1.0,
,59.0,1.0,
,40.0,1.0,
,127.0,2.0,
5.0,208.0,1.0,2.0
,75.0,2.0,
,56.0,2.0,
,240.0,3.0,
,88.0,1.0,
,100.0,1.0,
,79.0,1.0,
,71.0,2.0,
,99.0,1.0,
,175.0,2.0,
,236.0,3.0,
5.0,116.0,1.0,6.0
,98.0,1.0,
,64.0,1.0,
,68.0,1.0,
,100.0,0.0,
5.0,187.0,3.0,1.0
,160.0,2.0,
,126.0,0.0,
,103.0,2.0,
,89.0,3.0,
,104.0,2.0,
,180.0,3.0,
,86.0,2.0,
,69.0,2.0,
,64.0,2.0,
,37.0,1.0,
,74.0,2.0,
,103.0,1.0,
,80.0,1.0,
5.0,90.0,1.0,1.0
,155.0,3.0,
,98.0,1.0,
,87.0,1.0,
,104.0,2.0,
,138.0,1.0,
,160.0,5.0,
,40.0,1.0,
4.0,72.0,2.0,1.0
,124.0,1.0,
,63.0,1.0,
,116.0,1.0,
,326.0,5.0,
,174.0,5.0,
,145.0,1.0,
,140.0,1.0,
,173.0,3.0,
,169.0,3.0,
,55.0,1.0,
,200.0,3.0,
,75.0,1.0,
,113.0,0.0,
,91.0,1.0,
,173.0,3.0,
,140.0,3.0,
,144.0,2.0,
,135.0,2.0,
,124.0,1.0,
,83.0,1.0,
,58.0,1.0,
,172.0,2.0,
,60.0,1.0,
,44.0,0.0,
,58.0,1.0,
,100.0,2.0,
5.0,135.0,2.0,1.0
,155.0,1.0,
,71.0,1.0,
,96.0,2.0,
,210.0,3.0,
,74.0,1.0,
,216.0,3.0,
,44.0,1.0,
,69.0,1.0,
,92.0,1.0,
,221.0,2.0,
,46.0,1.0,
,95.0,1.0,
,95.0,1.0,
,95.0,1.0,
,69.0,1.0,
,60.0,1.0,
,47.0,1.0,
,300.0,2.0,
5.0,48.0,1.0,1.0
,47.0,1.0,
,224.0,4.0,
,136.0,1.0,
,64.0,1.0,
5.0,40.0,1.0,1.0
,68.0,1.0,
,59.0,1.0,
,117.0,1.0,
,96.0,1.0,
,73.0,2.0,
5.0,91.0,1.0,1.0
,150.0,5.0,
,157.0,4.0,
,80.0,2.0,
,76.0,3.0,
,56.0,1.0,
,74.0,3.0,
,89.0,2.0,
,41.0,1.0,
,51.0,2.0,
,136.0,2.0,
,89.0,1.0,
,100.0,1.0,
,96.0,1.0,
,175.0,2.0,
,270.0,1.0,
,111.0,1.0,
,302.0,4.0,
,291.0,2.0,
,82.0,1.0,
,82.0,1.0,
,45.0,1.0,
,79.0,2.0,
,63.0,1.0,
